"dataset_notice","customer_id","full_name","phone_number","bank_name","account_number","upi_id","profile_image_url","balance","upi_pin","age_group","digital_literacy","average_tx_amount","normal_hours","known_beneficiaries"
"SYNTHETIC TEST DATA - NOT A REAL PERSON, ACCOUNT, OR PIN","C101","Ramaswamy Iyer","+91 98000 00101","Apex Global Bank","XXXX-XXXX-4800","ramaswamy72@apexbank","https://api.dicebear.com/9.x/initials/svg?seed=trustpay-c101","INR 1,48,500.00","000000","Senior Citizen (72 yrs)","Basic","INR 1,850.00","08:00-20:00","anand@apexbank|Anand (Son);tneb@trustpay|TNEB Electricity;nilgiris@trustpay|Nilgiris Supermarket"
"SYNTHETIC TEST DATA - NOT A REAL PERSON, ACCOUNT, OR PIN","C102","Aarav Test 102","+91 98001 00102","Apex Global Bank","XXXX-XXXX-4801","aaravtest102@trustpay","https://api.dicebear.com/9.x/initials/svg?seed=trustpay-c102","INR 13,437.00","0017","46-60","Advanced","INR 573.00","07:00-22:00","family@trustpay|Family Contact;utility@trustpay|Utility Payment;grocers@trustpay|Demo Grocers"
"SYNTHETIC TEST DATA - NOT A REAL PERSON, ACCOUNT, OR PIN","C103","Diya Prototype 103","+91 98002 00103","Apex Global Bank","XXXX-XXXX-4802","diyaprototype103@trustpay","https://api.dicebear.com/9.x/initials/svg?seed=trustpay-c103","INR 14,374.00","000346","61-75","Moderate","INR 646.00","09:00-19:00","clinic@trustpay|City Care Clinic;rent@trustpay|Rental Account;mobile@trustpay|Mobile Recharge"
"SYNTHETIC TEST DATA - NOT A REAL PERSON, ACCOUNT, OR PIN","C104","Kabir Fictional 104","+91 98003 00104","Apex Global Bank","XXXX-XXXX-4803","kabirfictional104@trustpay","https://api.dicebear.com/9.x/initials/svg?seed=trustpay-c104","INR 15,311.00","0051","18-30","Basic","INR 719.00","08:00-21:00","anand@apexbank|Anand (Son);tneb@trustpay|TNEB Electricity;nilgiris@trustpay|Nilgiris Supermarket"
"SYNTHETIC TEST DATA - NOT A REAL PERSON, ACCOUNT, OR PIN","C105","Meera Sample 105","+91 98004 00105","Apex Global Bank","XXXX-XXXX-4804","meerasample105@trustpay","https://api.dicebear.com/9.x/initials/svg?seed=trustpay-c105","INR 16,248.00","000692","31-45","Advanced","INR 792.00","07:00-22:00","family@trustpay|Family Contact;utility@trustpay|Utility Payment;grocers@trustpay|Demo Grocers"
"SYNTHETIC TEST DATA - NOT A REAL PERSON, ACCOUNT, OR PIN","C106","Arjun Mock 106","+91 98005 00106","Apex Global Bank","XXXX-XXXX-4805","arjunmock106@trustpay","https://api.dicebear.com/9.x/initials/svg?seed=trustpay-c106","INR 17,185.00","0085","46-60","Moderate","INR 865.00","09:00-19:00","clinic@trustpay|City Care Clinic;rent@trustpay|Rental Account;mobile@trustpay|Mobile Recharge"
"SYNTHETIC TEST DATA - NOT A REAL PERSON, ACCOUNT, OR PIN","C107","Anaya Training 107","+91 98006 00107","Apex Global Bank","XXXX-XXXX-4806","anayatraining107@trustpay","https://api.dicebear.com/9.x/initials/svg?seed=trustpay-c107","INR 18,122.00","001038","61-75","Basic","INR 938.00","08:00-21:00","anand@apexbank|Anand (Son);tneb@trustpay|TNEB Electricity;nilgiris@trustpay|Nilgiris Supermarket"
"SYNTHETIC TEST DATA - NOT A REAL PERSON, ACCOUNT, OR PIN","C108","Vihaan Demo 108","+91 98007 00108","Apex Global Bank","XXXX-XXXX-4807","vihaandemo108@trustpay","https://api.dicebear.com/9.x/initials/svg?seed=trustpay-c108","INR 19,059.00","0119","18-30","Advanced","INR 1,011.00","07:00-22:00","family@trustpay|Family Contact;utility@trustpay|Utility Payment;grocers@trustpay|Demo Grocers"
"SYNTHETIC TEST DATA - NOT A REAL PERSON, ACCOUNT, OR PIN","C109","Isha Example 109","+91 98008 00109","Apex Global Bank","XXXX-XXXX-4808","ishaexample109@trustpay","https://api.dicebear.com/9.x/initials/svg?seed=trustpay-c109","INR 19,996.00","001384","31-45","Moderate","INR 1,084.00","09:00-19:00","clinic@trustpay|City Care Clinic;rent@trustpay|Rental Account;mobile@trustpay|Mobile Recharge"
"SYNTHETIC TEST DATA - NOT A REAL PERSON, ACCOUNT, OR PIN","C110","Rohan Sandbox 110","+91 98009 00110","Apex Global Bank","XXXX-XXXX-4809","rohansandbox110@trustpay","https://api.dicebear.com/9.x/initials/svg?seed=trustpay-c110","INR 20,933.00","0153","46-60","Basic","INR 1,157.00","08:00-21:00","anand@apexbank|Anand (Son);tneb@trustpay|TNEB Electricity;nilgiris@trustpay|Nilgiris Supermarket"
"SYNTHETIC TEST DATA - NOT A REAL PERSON, ACCOUNT, OR PIN","C111","Kavya Iyer 111","+91 98010 00111","Apex Global Bank","XXXX-XXXX-4810","kavyaiyer111@trustpay","https://api.dicebear.com/9.x/initials/svg?seed=trustpay-c111","INR 21,870.00","001730","61-75","Advanced","INR 1,230.00","07:00-22:00","family@trustpay|Family Contact;utility@trustpay|Utility Payment;grocers@trustpay|Demo Grocers"
"SYNTHETIC TEST DATA - NOT A REAL PERSON, ACCOUNT, OR PIN","C112","Dev Test 112","+91 98011 00112","Apex Global Bank","XXXX-XXXX-4811","devtest112@trustpay","https://api.dicebear.com/9.x/initials/svg?seed=trustpay-c112","INR 22,807.00","0187","18-30","Moderate","INR 1,303.00","09:00-19:00","clinic@trustpay|City Care Clinic;rent@trustpay|Rental Account;mobile@trustpay|Mobile Recharge"
"SYNTHETIC TEST DATA - NOT A REAL PERSON, ACCOUNT, OR PIN","C113","Tara Prototype 113","+91 98012 00113","Apex Global Bank","XXXX-XXXX-4812","taraprototype113@trustpay","https://api.dicebear.com/9.x/initials/svg?seed=trustpay-c113","INR 23,744.00","002076","31-45","Basic","INR 1,376.00","08:00-21:00","anand@apexbank|Anand (Son);tneb@trustpay|TNEB Electricity;nilgiris@trustpay|Nilgiris Supermarket"
"SYNTHETIC TEST DATA - NOT A REAL PERSON, ACCOUNT, OR PIN","C114","Ishaan Fictional 114","+91 98013 00114","Apex Global Bank","XXXX-XXXX-4813","ishaanfictional114@trustpay","https://api.dicebear.com/9.x/initials/svg?seed=trustpay-c114","INR 24,681.00","0221","46-60","Advanced","INR 1,449.00","07:00-22:00","family@trustpay|Family Contact;utility@trustpay|Utility Payment;grocers@trustpay|Demo Grocers"
"SYNTHETIC TEST DATA - NOT A REAL PERSON, ACCOUNT, OR PIN","C115","Naina Sample 115","+91 98014 00115","Apex Global Bank","XXXX-XXXX-4814","nainasample115@trustpay","https://api.dicebear.com/9.x/initials/svg?seed=trustpay-c115","INR 25,618.00","002422","61-75","Moderate","INR 1,522.00","09:00-19:00","clinic@trustpay|City Care Clinic;rent@trustpay|Rental Account;mobile@trustpay|Mobile Recharge"
"SYNTHETIC TEST DATA - NOT A REAL PERSON, ACCOUNT, OR PIN","C116","Reyansh Mock 116","+91 98015 00116","Apex Global Bank","XXXX-XXXX-4815","reyanshmock116@trustpay","https://api.dicebear.com/9.x/initials/svg?seed=trustpay-c116","INR 26,555.00","0255","18-30","Basic","INR 1,595.00","08:00-21:00","anand@apexbank|Anand (Son);tneb@trustpay|TNEB Electricity;nilgiris@trustpay|Nilgiris Supermarket"
"SYNTHETIC TEST DATA - NOT A REAL PERSON, ACCOUNT, OR PIN","C117","Aditi Training 117","+91 98016 00117","Apex Global Bank","XXXX-XXXX-4816","adititraining117@trustpay","https://api.dicebear.com/9.x/initials/svg?seed=trustpay-c117","INR 27,492.00","002768","31-45","Advanced","INR 1,668.00","07:00-22:00","family@trustpay|Family Contact;utility@trustpay|Utility Payment;grocers@trustpay|Demo Grocers"
"SYNTHETIC TEST DATA - NOT A REAL PERSON, ACCOUNT, OR PIN","C118","Neil Demo 118","+91 98017 00118","Apex Global Bank","XXXX-XXXX-4817","neildemo118@trustpay","https://api.dicebear.com/9.x/initials/svg?seed=trustpay-c118","INR 28,429.00","0289","46-60","Moderate","INR 1,741.00","09:00-19:00","clinic@trustpay|City Care Clinic;rent@trustpay|Rental Account;mobile@trustpay|Mobile Recharge"
"SYNTHETIC TEST DATA - NOT A REAL PERSON, ACCOUNT, OR PIN","C119","Mira Example 119","+91 98018 00119","Apex Global Bank","XXXX-XXXX-4818","miraexample119@trustpay","https://api.dicebear.com/9.x/initials/svg?seed=trustpay-c119","INR 29,366.00","003114","61-75","Basic","INR 1,814.00","08:00-21:00","anand@apexbank|Anand (Son);tneb@trustpay|TNEB Electricity;nilgiris@trustpay|Nilgiris Supermarket"
"SYNTHETIC TEST DATA - NOT A REAL PERSON, ACCOUNT, OR PIN","C120","Yash Sandbox 120","+91 98019 00120","Apex Global Bank","XXXX-XXXX-4819","yashsandbox120@trustpay","https://api.dicebear.com/9.x/initials/svg?seed=trustpay-c120","INR 30,303.00","0323","18-30","Advanced","INR 1,887.00","07:00-22:00","family@trustpay|Family Contact;utility@trustpay|Utility Payment;grocers@trustpay|Demo Grocers"
"SYNTHETIC TEST DATA - NOT A REAL PERSON, ACCOUNT, OR PIN","C121","Saanvi Iyer 121","+91 98020 00121","Apex Global Bank","XXXX-XXXX-4820","saanviiyer121@trustpay","https://api.dicebear.com/9.x/initials/svg?seed=trustpay-c121","INR 31,240.00","003460","31-45","Moderate","INR 1,960.00","09:00-19:00","clinic@trustpay|City Care Clinic;rent@trustpay|Rental Account;mobile@trustpay|Mobile Recharge"
"SYNTHETIC TEST DATA - NOT A REAL PERSON, ACCOUNT, OR PIN","C122","Advik Test 122","+91 98021 00122","Apex Global Bank","XXXX-XXXX-4821","adviktest122@trustpay","https://api.dicebear.com/9.x/initials/svg?seed=trustpay-c122","INR 32,177.00","0357","46-60","Basic","INR 2,033.00","08:00-21:00","anand@apexbank|Anand (Son);tneb@trustpay|TNEB Electricity;nilgiris@trustpay|Nilgiris Supermarket"
"SYNTHETIC TEST DATA - NOT A REAL PERSON, ACCOUNT, OR PIN","C123","Riya Prototype 123","+91 98022 00123","Apex Global Bank","XXXX-XXXX-4822","riyaprototype123@trustpay","https://api.dicebear.com/9.x/initials/svg?seed=trustpay-c123","INR 33,114.00","003806","61-75","Advanced","INR 2,106.00","07:00-22:00","family@trustpay|Family Contact;utility@trustpay|Utility Payment;grocers@trustpay|Demo Grocers"
"SYNTHETIC TEST DATA - NOT A REAL PERSON, ACCOUNT, OR PIN","C124","Karan Fictional 124","+91 98023 00124","Apex Global Bank","XXXX-XXXX-4823","karanfictional124@trustpay","https://api.dicebear.com/9.x/initials/svg?seed=trustpay-c124","INR 34,051.00","0391","18-30","Moderate","INR 2,179.00","09:00-19:00","clinic@trustpay|City Care Clinic;rent@trustpay|Rental Account;mobile@trustpay|Mobile Recharge"
"SYNTHETIC TEST DATA - NOT A REAL PERSON, ACCOUNT, OR PIN","C125","Pooja Sample 125","+91 98024 00125","Apex Global Bank","XXXX-XXXX-4824","poojasample125@trustpay","https://api.dicebear.com/9.x/initials/svg?seed=trustpay-c125","INR 34,988.00","004152","31-45","Basic","INR 2,252.00","08:00-21:00","anand@apexbank|Anand (Son);tneb@trustpay|TNEB Electricity;nilgiris@trustpay|Nilgiris Supermarket"
"SYNTHETIC TEST DATA - NOT A REAL PERSON, ACCOUNT, OR PIN","C126","Ramaswamy Mock 126","+91 98025 00126","Apex Global Bank","XXXX-XXXX-4825","ramaswamymock126@trustpay","https://api.dicebear.com/9.x/initials/svg?seed=trustpay-c126","INR 35,925.00","0425","46-60","Advanced","INR 2,325.00","07:00-22:00","family@trustpay|Family Contact;utility@trustpay|Utility Payment;grocers@trustpay|Demo Grocers"
"SYNTHETIC TEST DATA - NOT A REAL PERSON, ACCOUNT, OR PIN","C127","Aarav Training 127","+91 98026 00127","Apex Global Bank","XXXX-XXXX-4826","aaravtraining127@trustpay","https://api.dicebear.com/9.x/initials/svg?seed=trustpay-c127","INR 36,862.00","004498","61-75","Moderate","INR 2,398.00","09:00-19:00","clinic@trustpay|City Care Clinic;rent@trustpay|Rental Account;mobile@trustpay|Mobile Recharge"
"SYNTHETIC TEST DATA - NOT A REAL PERSON, ACCOUNT, OR PIN","C128","Diya Demo 128","+91 98027 00128","Apex Global Bank","XXXX-XXXX-4827","diyademo128@trustpay","https://api.dicebear.com/9.x/initials/svg?seed=trustpay-c128","INR 37,799.00","0459","18-30","Basic","INR 2,471.00","08:00-21:00","anand@apexbank|Anand (Son);tneb@trustpay|TNEB Electricity;nilgiris@trustpay|Nilgiris Supermarket"
"SYNTHETIC TEST DATA - NOT A REAL PERSON, ACCOUNT, OR PIN","C129","Kabir Example 129","+91 98028 00129","Apex Global Bank","XXXX-XXXX-4828","kabirexample129@trustpay","https://api.dicebear.com/9.x/initials/svg?seed=trustpay-c129","INR 38,736.00","004844","31-45","Advanced","INR 2,544.00","07:00-22:00","family@trustpay|Family Contact;utility@trustpay|Utility Payment;grocers@trustpay|Demo Grocers"
"SYNTHETIC TEST DATA - NOT A REAL PERSON, ACCOUNT, OR PIN","C130","Meera Sandbox 130","+91 98029 00130","Apex Global Bank","XXXX-XXXX-4829","meerasandbox130@trustpay","https://api.dicebear.com/9.x/initials/svg?seed=trustpay-c130","INR 39,673.00","0493","46-60","Moderate","INR 2,617.00","09:00-19:00","clinic@trustpay|City Care Clinic;rent@trustpay|Rental Account;mobile@trustpay|Mobile Recharge"
"SYNTHETIC TEST DATA - NOT A REAL PERSON, ACCOUNT, OR PIN","C131","Arjun Iyer 131","+91 98030 00131","Apex Global Bank","XXXX-XXXX-4830","arjuniyer131@trustpay","https://api.dicebear.com/9.x/initials/svg?seed=trustpay-c131","INR 40,610.00","005190","61-75","Basic","INR 2,690.00","08:00-21:00","anand@apexbank|Anand (Son);tneb@trustpay|TNEB Electricity;nilgiris@trustpay|Nilgiris Supermarket"
"SYNTHETIC TEST DATA - NOT A REAL PERSON, ACCOUNT, OR PIN","C132","Anaya Test 132","+91 98031 00132","Apex Global Bank","XXXX-XXXX-4831","anayatest132@trustpay","https://api.dicebear.com/9.x/initials/svg?seed=trustpay-c132","INR 41,547.00","0527","18-30","Advanced","INR 2,763.00","07:00-22:00","family@trustpay|Family Contact;utility@trustpay|Utility Payment;grocers@trustpay|Demo Grocers"
"SYNTHETIC TEST DATA - NOT A REAL PERSON, ACCOUNT, OR PIN","C133","Vihaan Prototype 133","+91 98032 00133","Apex Global Bank","XXXX-XXXX-4832","vihaanprototype133@trustpay","https://api.dicebear.com/9.x/initials/svg?seed=trustpay-c133","INR 42,484.00","005536","31-45","Moderate","INR 2,836.00","09:00-19:00","clinic@trustpay|City Care Clinic;rent@trustpay|Rental Account;mobile@trustpay|Mobile Recharge"
"SYNTHETIC TEST DATA - NOT A REAL PERSON, ACCOUNT, OR PIN","C134","Isha Fictional 134","+91 98033 00134","Apex Global Bank","XXXX-XXXX-4833","ishafictional134@trustpay","https://api.dicebear.com/9.x/initials/svg?seed=trustpay-c134","INR 43,421.00","0561","46-60","Basic","INR 2,909.00","08:00-21:00","anand@apexbank|Anand (Son);tneb@trustpay|TNEB Electricity;nilgiris@trustpay|Nilgiris Supermarket"
"SYNTHETIC TEST DATA - NOT A REAL PERSON, ACCOUNT, OR PIN","C135","Rohan Sample 135","+91 98034 00135","Apex Global Bank","XXXX-XXXX-4834","rohansample135@trustpay","https://api.dicebear.com/9.x/initials/svg?seed=trustpay-c135","INR 44,358.00","005882","61-75","Advanced","INR 2,982.00","07:00-22:00","family@trustpay|Family Contact;utility@trustpay|Utility Payment;grocers@trustpay|Demo Grocers"
"SYNTHETIC TEST DATA - NOT A REAL PERSON, ACCOUNT, OR PIN","C136","Kavya Mock 136","+91 98035 00136","Apex Global Bank","XXXX-XXXX-4835","kavyamock136@trustpay","https://api.dicebear.com/9.x/initials/svg?seed=trustpay-c136","INR 45,295.00","0595","18-30","Moderate","INR 3,055.00","09:00-19:00","clinic@trustpay|City Care Clinic;rent@trustpay|Rental Account;mobile@trustpay|Mobile Recharge"
"SYNTHETIC TEST DATA - NOT A REAL PERSON, ACCOUNT, OR PIN","C137","Dev Training 137","+91 98036 00137","Apex Global Bank","XXXX-XXXX-4836","devtraining137@trustpay","https://api.dicebear.com/9.x/initials/svg?seed=trustpay-c137","INR 46,232.00","006228","31-45","Basic","INR 3,128.00","08:00-21:00","anand@apexbank|Anand (Son);tneb@trustpay|TNEB Electricity;nilgiris@trustpay|Nilgiris Supermarket"
"SYNTHETIC TEST DATA - NOT A REAL PERSON, ACCOUNT, OR PIN","C138","Tara Demo 138","+91 98037 00138","Apex Global Bank","XXXX-XXXX-4837","tarademo138@trustpay","https://api.dicebear.com/9.x/initials/svg?seed=trustpay-c138","INR 47,169.00","0629","46-60","Advanced","INR 3,201.00","07:00-22:00","family@trustpay|Family Contact;utility@trustpay|Utility Payment;grocers@trustpay|Demo Grocers"
"SYNTHETIC TEST DATA - NOT A REAL PERSON, ACCOUNT, OR PIN","C139","Ishaan Example 139","+91 98038 00139","Apex Global Bank","XXXX-XXXX-4838","ishaanexample139@trustpay","https://api.dicebear.com/9.x/initials/svg?seed=trustpay-c139","INR 48,106.00","006574","61-75","Moderate","INR 3,274.00","09:00-19:00","clinic@trustpay|City Care Clinic;rent@trustpay|Rental Account;mobile@trustpay|Mobile Recharge"
"SYNTHETIC TEST DATA - NOT A REAL PERSON, ACCOUNT, OR PIN","C140","Naina Sandbox 140","+91 98039 00140","Apex Global Bank","XXXX-XXXX-4839","nainasandbox140@trustpay","https://api.dicebear.com/9.x/initials/svg?seed=trustpay-c140","INR 49,043.00","0663","18-30","Basic","INR 3,347.00","08:00-21:00","anand@apexbank|Anand (Son);tneb@trustpay|TNEB Electricity;nilgiris@trustpay|Nilgiris Supermarket"
"SYNTHETIC TEST DATA - NOT A REAL PERSON, ACCOUNT, OR PIN","C141","Reyansh Iyer 141","+91 98040 00141","Apex Global Bank","XXXX-XXXX-4840","reyanshiyer141@trustpay","https://api.dicebear.com/9.x/initials/svg?seed=trustpay-c141","INR 49,980.00","006920","31-45","Advanced","INR 3,420.00","07:00-22:00","family@trustpay|Family Contact;utility@trustpay|Utility Payment;grocers@trustpay|Demo Grocers"
"SYNTHETIC TEST DATA - NOT A REAL PERSON, ACCOUNT, OR PIN","C142","Aditi Test 142","+91 98041 00142","Apex Global Bank","XXXX-XXXX-4841","adititest142@trustpay","https://api.dicebear.com/9.x/initials/svg?seed=trustpay-c142","INR 50,917.00","0697","46-60","Moderate","INR 3,493.00","09:00-19:00","clinic@trustpay|City Care Clinic;rent@trustpay|Rental Account;mobile@trustpay|Mobile Recharge"
"SYNTHETIC TEST DATA - NOT A REAL PERSON, ACCOUNT, OR PIN","C143","Neil Prototype 143","+91 98042 00143","Apex Global Bank","XXXX-XXXX-4842","neilprototype143@trustpay","https://api.dicebear.com/9.x/initials/svg?seed=trustpay-c143","INR 51,854.00","007266","61-75","Basic","INR 3,566.00","08:00-21:00","anand@apexbank|Anand (Son);tneb@trustpay|TNEB Electricity;nilgiris@trustpay|Nilgiris Supermarket"
"SYNTHETIC TEST DATA - NOT A REAL PERSON, ACCOUNT, OR PIN","C144","Mira Fictional 144","+91 98043 00144","Apex Global Bank","XXXX-XXXX-4843","mirafictional144@trustpay","https://api.dicebear.com/9.x/initials/svg?seed=trustpay-c144","INR 52,791.00","0731","18-30","Advanced","INR 3,639.00","07:00-22:00","family@trustpay|Family Contact;utility@trustpay|Utility Payment;grocers@trustpay|Demo Grocers"
"SYNTHETIC TEST DATA - NOT A REAL PERSON, ACCOUNT, OR PIN","C145","Yash Sample 145","+91 98044 00145","Apex Global Bank","XXXX-XXXX-4844","yashsample145@trustpay","https://api.dicebear.com/9.x/initials/svg?seed=trustpay-c145","INR 53,728.00","007612","31-45","Moderate","INR 3,712.00","09:00-19:00","clinic@trustpay|City Care Clinic;rent@trustpay|Rental Account;mobile@trustpay|Mobile Recharge"
"SYNTHETIC TEST DATA - NOT A REAL PERSON, ACCOUNT, OR PIN","C146","Saanvi Mock 146","+91 98045 00146","Apex Global Bank","XXXX-XXXX-4845","saanvimock146@trustpay","https://api.dicebear.com/9.x/initials/svg?seed=trustpay-c146","INR 54,665.00","0765","46-60","Basic","INR 3,785.00","08:00-21:00","anand@apexbank|Anand (Son);tneb@trustpay|TNEB Electricity;nilgiris@trustpay|Nilgiris Supermarket"
"SYNTHETIC TEST DATA - NOT A REAL PERSON, ACCOUNT, OR PIN","C147","Advik Training 147","+91 98046 00147","Apex Global Bank","XXXX-XXXX-4846","adviktraining147@trustpay","https://api.dicebear.com/9.x/initials/svg?seed=trustpay-c147","INR 55,602.00","007958","61-75","Advanced","INR 3,858.00","07:00-22:00","family@trustpay|Family Contact;utility@trustpay|Utility Payment;grocers@trustpay|Demo Grocers"
"SYNTHETIC TEST DATA - NOT A REAL PERSON, ACCOUNT, OR PIN","C148","Riya Demo 148","+91 98047 00148","Apex Global Bank","XXXX-XXXX-4847","riyademo148@trustpay","https://api.dicebear.com/9.x/initials/svg?seed=trustpay-c148","INR 56,539.00","0799","18-30","Moderate","INR 3,931.00","09:00-19:00","clinic@trustpay|City Care Clinic;rent@trustpay|Rental Account;mobile@trustpay|Mobile Recharge"
"SYNTHETIC TEST DATA - NOT A REAL PERSON, ACCOUNT, OR PIN","C149","Karan Example 149","+91 98048 00149","Apex Global Bank","XXXX-XXXX-4848","karanexample149@trustpay","https://api.dicebear.com/9.x/initials/svg?seed=trustpay-c149","INR 57,476.00","008304","31-45","Basic","INR 4,004.00","08:00-21:00","anand@apexbank|Anand (Son);tneb@trustpay|TNEB Electricity;nilgiris@trustpay|Nilgiris Supermarket"
"SYNTHETIC TEST DATA - NOT A REAL PERSON, ACCOUNT, OR PIN","C150","Pooja Sandbox 150","+91 98049 00150","Apex Global Bank","XXXX-XXXX-4849","poojasandbox150@trustpay","https://api.dicebear.com/9.x/initials/svg?seed=trustpay-c150","INR 58,413.00","0833","46-60","Advanced","INR 4,077.00","07:00-22:00","family@trustpay|Family Contact;utility@trustpay|Utility Payment;grocers@trustpay|Demo Grocers"
"SYNTHETIC TEST DATA - NOT A REAL PERSON, ACCOUNT, OR PIN","C151","Ramaswamy Iyer 151","+91 98050 00151","Apex Global Bank","XXXX-XXXX-4850","ramaswamyiyer151@trustpay","https://api.dicebear.com/9.x/initials/svg?seed=trustpay-c151","INR 59,350.00","008650","61-75","Moderate","INR 4,150.00","09:00-19:00","clinic@trustpay|City Care Clinic;rent@trustpay|Rental Account;mobile@trustpay|Mobile Recharge"
"SYNTHETIC TEST DATA - NOT A REAL PERSON, ACCOUNT, OR PIN","C152","Aarav Test 152","+91 98051 00152","Apex Global Bank","XXXX-XXXX-4851","aaravtest152@trustpay","https://api.dicebear.com/9.x/initials/svg?seed=trustpay-c152","INR 60,287.00","0867","18-30","Basic","INR 4,223.00","08:00-21:00","anand@apexbank|Anand (Son);tneb@trustpay|TNEB Electricity;nilgiris@trustpay|Nilgiris Supermarket"
"SYNTHETIC TEST DATA - NOT A REAL PERSON, ACCOUNT, OR PIN","C153","Diya Prototype 153","+91 98052 00153","Apex Global Bank","XXXX-XXXX-4852","diyaprototype153@trustpay","https://api.dicebear.com/9.x/initials/svg?seed=trustpay-c153","INR 61,224.00","008996","31-45","Advanced","INR 4,296.00","07:00-22:00","family@trustpay|Family Contact;utility@trustpay|Utility Payment;grocers@trustpay|Demo Grocers"
"SYNTHETIC TEST DATA - NOT A REAL PERSON, ACCOUNT, OR PIN","C154","Kabir Fictional 154","+91 98053 00154","Apex Global Bank","XXXX-XXXX-4853","kabirfictional154@trustpay","https://api.dicebear.com/9.x/initials/svg?seed=trustpay-c154","INR 62,161.00","0901","46-60","Moderate","INR 4,369.00","09:00-19:00","clinic@trustpay|City Care Clinic;rent@trustpay|Rental Account;mobile@trustpay|Mobile Recharge"
"SYNTHETIC TEST DATA - NOT A REAL PERSON, ACCOUNT, OR PIN","C155","Meera Sample 155","+91 98054 00155","Apex Global Bank","XXXX-XXXX-4854","meerasample155@trustpay","https://api.dicebear.com/9.x/initials/svg?seed=trustpay-c155","INR 63,098.00","009342","61-75","Basic","INR 4,442.00","08:00-21:00","anand@apexbank|Anand (Son);tneb@trustpay|TNEB Electricity;nilgiris@trustpay|Nilgiris Supermarket"
"SYNTHETIC TEST DATA - NOT A REAL PERSON, ACCOUNT, OR PIN","C156","Arjun Mock 156","+91 98055 00156","Apex Global Bank","XXXX-XXXX-4855","arjunmock156@trustpay","https://api.dicebear.com/9.x/initials/svg?seed=trustpay-c156","INR 64,035.00","0935","18-30","Advanced","INR 4,515.00","07:00-22:00","family@trustpay|Family Contact;utility@trustpay|Utility Payment;grocers@trustpay|Demo Grocers"
"SYNTHETIC TEST DATA - NOT A REAL PERSON, ACCOUNT, OR PIN","C157","Anaya Training 157","+91 98056 00157","Apex Global Bank","XXXX-XXXX-4856","anayatraining157@trustpay","https://api.dicebear.com/9.x/initials/svg?seed=trustpay-c157","INR 64,972.00","009688","31-45","Moderate","INR 4,588.00","09:00-19:00","clinic@trustpay|City Care Clinic;rent@trustpay|Rental Account;mobile@trustpay|Mobile Recharge"
"SYNTHETIC TEST DATA - NOT A REAL PERSON, ACCOUNT, OR PIN","C158","Vihaan Demo 158","+91 98057 00158","Apex Global Bank","XXXX-XXXX-4857","vihaandemo158@trustpay","https://api.dicebear.com/9.x/initials/svg?seed=trustpay-c158","INR 65,909.00","0969","46-60","Basic","INR 4,661.00","08:00-21:00","anand@apexbank|Anand (Son);tneb@trustpay|TNEB Electricity;nilgiris@trustpay|Nilgiris Supermarket"
"SYNTHETIC TEST DATA - NOT A REAL PERSON, ACCOUNT, OR PIN","C159","Isha Example 159","+91 98058 00159","Apex Global Bank","XXXX-XXXX-4858","ishaexample159@trustpay","https://api.dicebear.com/9.x/initials/svg?seed=trustpay-c159","INR 66,846.00","010034","61-75","Advanced","INR 4,734.00","07:00-22:00","family@trustpay|Family Contact;utility@trustpay|Utility Payment;grocers@trustpay|Demo Grocers"
"SYNTHETIC TEST DATA - NOT A REAL PERSON, ACCOUNT, OR PIN","C160","Rohan Sandbox 160","+91 98059 00160","Apex Global Bank","XXXX-XXXX-4859","rohansandbox160@trustpay","https://api.dicebear.com/9.x/initials/svg?seed=trustpay-c160","INR 67,783.00","1003","18-30","Moderate","INR 4,807.00","09:00-19:00","clinic@trustpay|City Care Clinic;rent@trustpay|Rental Account;mobile@trustpay|Mobile Recharge"
"SYNTHETIC TEST DATA - NOT A REAL PERSON, ACCOUNT, OR PIN","C161","Kavya Iyer 161","+91 98060 00161","Apex Global Bank","XXXX-XXXX-4860","kavyaiyer161@trustpay","https://api.dicebear.com/9.x/initials/svg?seed=trustpay-c161","INR 68,720.00","010380","31-45","Basic","INR 4,880.00","08:00-21:00","anand@apexbank|Anand (Son);tneb@trustpay|TNEB Electricity;nilgiris@trustpay|Nilgiris Supermarket"
"SYNTHETIC TEST DATA - NOT A REAL PERSON, ACCOUNT, OR PIN","C162","Dev Test 162","+91 98061 00162","Apex Global Bank","XXXX-XXXX-4861","devtest162@trustpay","https://api.dicebear.com/9.x/initials/svg?seed=trustpay-c162","INR 69,657.00","1037","46-60","Advanced","INR 4,953.00","07:00-22:00","family@trustpay|Family Contact;utility@trustpay|Utility Payment;grocers@trustpay|Demo Grocers"
"SYNTHETIC TEST DATA - NOT A REAL PERSON, ACCOUNT, OR PIN","C163","Tara Prototype 163","+91 98062 00163","Apex Global Bank","XXXX-XXXX-4862","taraprototype163@trustpay","https://api.dicebear.com/9.x/initials/svg?seed=trustpay-c163","INR 70,594.00","010726","61-75","Moderate","INR 5,026.00","09:00-19:00","clinic@trustpay|City Care Clinic;rent@trustpay|Rental Account;mobile@trustpay|Mobile Recharge"
"SYNTHETIC TEST DATA - NOT A REAL PERSON, ACCOUNT, OR PIN","C164","Ishaan Fictional 164","+91 98063 00164","Apex Global Bank","XXXX-XXXX-4863","ishaanfictional164@trustpay","https://api.dicebear.com/9.x/initials/svg?seed=trustpay-c164","INR 71,531.00","1071","18-30","Basic","INR 5,099.00","08:00-21:00","anand@apexbank|Anand (Son);tneb@trustpay|TNEB Electricity;nilgiris@trustpay|Nilgiris Supermarket"
"SYNTHETIC TEST DATA - NOT A REAL PERSON, ACCOUNT, OR PIN","C165","Naina Sample 165","+91 98064 00165","Apex Global Bank","XXXX-XXXX-4864","nainasample165@trustpay","https://api.dicebear.com/9.x/initials/svg?seed=trustpay-c165","INR 72,468.00","011072","31-45","Advanced","INR 5,172.00","07:00-22:00","family@trustpay|Family Contact;utility@trustpay|Utility Payment;grocers@trustpay|Demo Grocers"
"SYNTHETIC TEST DATA - NOT A REAL PERSON, ACCOUNT, OR PIN","C166","Reyansh Mock 166","+91 98065 00166","Apex Global Bank","XXXX-XXXX-4865","reyanshmock166@trustpay","https://api.dicebear.com/9.x/initials/svg?seed=trustpay-c166","INR 73,405.00","1105","46-60","Moderate","INR 5,245.00","09:00-19:00","clinic@trustpay|City Care Clinic;rent@trustpay|Rental Account;mobile@trustpay|Mobile Recharge"
"SYNTHETIC TEST DATA - NOT A REAL PERSON, ACCOUNT, OR PIN","C167","Aditi Training 167","+91 98066 00167","Apex Global Bank","XXXX-XXXX-4866","adititraining167@trustpay","https://api.dicebear.com/9.x/initials/svg?seed=trustpay-c167","INR 74,342.00","011418","61-75","Basic","INR 5,318.00","08:00-21:00","anand@apexbank|Anand (Son);tneb@trustpay|TNEB Electricity;nilgiris@trustpay|Nilgiris Supermarket"
"SYNTHETIC TEST DATA - NOT A REAL PERSON, ACCOUNT, OR PIN","C168","Neil Demo 168","+91 98067 00168","Apex Global Bank","XXXX-XXXX-4867","neildemo168@trustpay","https://api.dicebear.com/9.x/initials/svg?seed=trustpay-c168","INR 75,279.00","1139","18-30","Advanced","INR 5,391.00","07:00-22:00","family@trustpay|Family Contact;utility@trustpay|Utility Payment;grocers@trustpay|Demo Grocers"
"SYNTHETIC TEST DATA - NOT A REAL PERSON, ACCOUNT, OR PIN","C169","Mira Example 169","+91 98068 00169","Apex Global Bank","XXXX-XXXX-4868","miraexample169@trustpay","https://api.dicebear.com/9.x/initials/svg?seed=trustpay-c169","INR 76,216.00","011764","31-45","Moderate","INR 5,464.00","09:00-19:00","clinic@trustpay|City Care Clinic;rent@trustpay|Rental Account;mobile@trustpay|Mobile Recharge"
"SYNTHETIC TEST DATA - NOT A REAL PERSON, ACCOUNT, OR PIN","C170","Yash Sandbox 170","+91 98069 00170","Apex Global Bank","XXXX-XXXX-4869","yashsandbox170@trustpay","https://api.dicebear.com/9.x/initials/svg?seed=trustpay-c170","INR 77,153.00","1173","46-60","Basic","INR 5,537.00","08:00-21:00","anand@apexbank|Anand (Son);tneb@trustpay|TNEB Electricity;nilgiris@trustpay|Nilgiris Supermarket"
"SYNTHETIC TEST DATA - NOT A REAL PERSON, ACCOUNT, OR PIN","C171","Saanvi Iyer 171","+91 98070 00171","Apex Global Bank","XXXX-XXXX-4870","saanviiyer171@trustpay","https://api.dicebear.com/9.x/initials/svg?seed=trustpay-c171","INR 78,090.00","012110","61-75","Advanced","INR 5,610.00","07:00-22:00","family@trustpay|Family Contact;utility@trustpay|Utility Payment;grocers@trustpay|Demo Grocers"
"SYNTHETIC TEST DATA - NOT A REAL PERSON, ACCOUNT, OR PIN","C172","Advik Test 172","+91 98071 00172","Apex Global Bank","XXXX-XXXX-4871","adviktest172@trustpay","https://api.dicebear.com/9.x/initials/svg?seed=trustpay-c172","INR 79,027.00","1207","18-30","Moderate","INR 5,683.00","09:00-19:00","clinic@trustpay|City Care Clinic;rent@trustpay|Rental Account;mobile@trustpay|Mobile Recharge"
"SYNTHETIC TEST DATA - NOT A REAL PERSON, ACCOUNT, OR PIN","C173","Riya Prototype 173","+91 98072 00173","Apex Global Bank","XXXX-XXXX-4872","riyaprototype173@trustpay","https://api.dicebear.com/9.x/initials/svg?seed=trustpay-c173","INR 79,964.00","012456","31-45","Basic","INR 5,756.00","08:00-21:00","anand@apexbank|Anand (Son);tneb@trustpay|TNEB Electricity;nilgiris@trustpay|Nilgiris Supermarket"
"SYNTHETIC TEST DATA - NOT A REAL PERSON, ACCOUNT, OR PIN","C174","Karan Fictional 174","+91 98073 00174","Apex Global Bank","XXXX-XXXX-4873","karanfictional174@trustpay","https://api.dicebear.com/9.x/initials/svg?seed=trustpay-c174","INR 80,901.00","1241","46-60","Advanced","INR 5,829.00","07:00-22:00","family@trustpay|Family Contact;utility@trustpay|Utility Payment;grocers@trustpay|Demo Grocers"
"SYNTHETIC TEST DATA - NOT A REAL PERSON, ACCOUNT, OR PIN","C175","Pooja Sample 175","+91 98074 00175","Apex Global Bank","XXXX-XXXX-4874","poojasample175@trustpay","https://api.dicebear.com/9.x/initials/svg?seed=trustpay-c175","INR 81,838.00","012802","61-75","Moderate","INR 5,902.00","09:00-19:00","clinic@trustpay|City Care Clinic;rent@trustpay|Rental Account;mobile@trustpay|Mobile Recharge"
"SYNTHETIC TEST DATA - NOT A REAL PERSON, ACCOUNT, OR PIN","C176","Ramaswamy Mock 176","+91 98075 00176","Apex Global Bank","XXXX-XXXX-4875","ramaswamymock176@trustpay","https://api.dicebear.com/9.x/initials/svg?seed=trustpay-c176","INR 82,775.00","1275","18-30","Basic","INR 5,975.00","08:00-21:00","anand@apexbank|Anand (Son);tneb@trustpay|TNEB Electricity;nilgiris@trustpay|Nilgiris Supermarket"
"SYNTHETIC TEST DATA - NOT A REAL PERSON, ACCOUNT, OR PIN","C177","Aarav Training 177","+91 98076 00177","Apex Global Bank","XXXX-XXXX-4876","aaravtraining177@trustpay","https://api.dicebear.com/9.x/initials/svg?seed=trustpay-c177","INR 83,712.00","013148","31-45","Advanced","INR 6,048.00","07:00-22:00","family@trustpay|Family Contact;utility@trustpay|Utility Payment;grocers@trustpay|Demo Grocers"
"SYNTHETIC TEST DATA - NOT A REAL PERSON, ACCOUNT, OR PIN","C178","Diya Demo 178","+91 98077 00178","Apex Global Bank","XXXX-XXXX-4877","diyademo178@trustpay","https://api.dicebear.com/9.x/initials/svg?seed=trustpay-c178","INR 84,649.00","1309","46-60","Moderate","INR 6,121.00","09:00-19:00","clinic@trustpay|City Care Clinic;rent@trustpay|Rental Account;mobile@trustpay|Mobile Recharge"
"SYNTHETIC TEST DATA - NOT A REAL PERSON, ACCOUNT, OR PIN","C179","Kabir Example 179","+91 98078 00179","Apex Global Bank","XXXX-XXXX-4878","kabirexample179@trustpay","https://api.dicebear.com/9.x/initials/svg?seed=trustpay-c179","INR 85,586.00","013494","61-75","Basic","INR 6,194.00","08:00-21:00","anand@apexbank|Anand (Son);tneb@trustpay|TNEB Electricity;nilgiris@trustpay|Nilgiris Supermarket"
"SYNTHETIC TEST DATA - NOT A REAL PERSON, ACCOUNT, OR PIN","C180","Meera Sandbox 180","+91 98079 00180","Apex Global Bank","XXXX-XXXX-4879","meerasandbox180@trustpay","https://api.dicebear.com/9.x/initials/svg?seed=trustpay-c180","INR 86,523.00","1343","18-30","Advanced","INR 6,267.00","07:00-22:00","family@trustpay|Family Contact;utility@trustpay|Utility Payment;grocers@trustpay|Demo Grocers"
"SYNTHETIC TEST DATA - NOT A REAL PERSON, ACCOUNT, OR PIN","C181","Arjun Iyer 181","+91 98080 00181","Apex Global Bank","XXXX-XXXX-4880","arjuniyer181@trustpay","https://api.dicebear.com/9.x/initials/svg?seed=trustpay-c181","INR 87,460.00","013840","31-45","Moderate","INR 6,340.00","09:00-19:00","clinic@trustpay|City Care Clinic;rent@trustpay|Rental Account;mobile@trustpay|Mobile Recharge"
"SYNTHETIC TEST DATA - NOT A REAL PERSON, ACCOUNT, OR PIN","C182","Anaya Test 182","+91 98081 00182","Apex Global Bank","XXXX-XXXX-4881","anayatest182@trustpay","https://api.dicebear.com/9.x/initials/svg?seed=trustpay-c182","INR 88,397.00","1377","46-60","Basic","INR 6,413.00","08:00-21:00","anand@apexbank|Anand (Son);tneb@trustpay|TNEB Electricity;nilgiris@trustpay|Nilgiris Supermarket"
"SYNTHETIC TEST DATA - NOT A REAL PERSON, ACCOUNT, OR PIN","C183","Vihaan Prototype 183","+91 98082 00183","Apex Global Bank","XXXX-XXXX-4882","vihaanprototype183@trustpay","https://api.dicebear.com/9.x/initials/svg?seed=trustpay-c183","INR 89,334.00","014186","61-75","Advanced","INR 6,486.00","07:00-22:00","family@trustpay|Family Contact;utility@trustpay|Utility Payment;grocers@trustpay|Demo Grocers"
"SYNTHETIC TEST DATA - NOT A REAL PERSON, ACCOUNT, OR PIN","C184","Isha Fictional 184","+91 98083 00184","Apex Global Bank","XXXX-XXXX-4883","ishafictional184@trustpay","https://api.dicebear.com/9.x/initials/svg?seed=trustpay-c184","INR 90,271.00","1411","18-30","Moderate","INR 6,559.00","09:00-19:00","clinic@trustpay|City Care Clinic;rent@trustpay|Rental Account;mobile@trustpay|Mobile Recharge"
"SYNTHETIC TEST DATA - NOT A REAL PERSON, ACCOUNT, OR PIN","C185","Rohan Sample 185","+91 98084 00185","Apex Global Bank","XXXX-XXXX-4884","rohansample185@trustpay","https://api.dicebear.com/9.x/initials/svg?seed=trustpay-c185","INR 91,208.00","014532","31-45","Basic","INR 6,632.00","08:00-21:00","anand@apexbank|Anand (Son);tneb@trustpay|TNEB Electricity;nilgiris@trustpay|Nilgiris Supermarket"
"SYNTHETIC TEST DATA - NOT A REAL PERSON, ACCOUNT, OR PIN","C186","Kavya Mock 186","+91 98085 00186","Apex Global Bank","XXXX-XXXX-4885","kavyamock186@trustpay","https://api.dicebear.com/9.x/initials/svg?seed=trustpay-c186","INR 92,145.00","1445","46-60","Advanced","INR 6,705.00","07:00-22:00","family@trustpay|Family Contact;utility@trustpay|Utility Payment;grocers@trustpay|Demo Grocers"
"SYNTHETIC TEST DATA - NOT A REAL PERSON, ACCOUNT, OR PIN","C187","Dev Training 187","+91 98086 00187","Apex Global Bank","XXXX-XXXX-4886","devtraining187@trustpay","https://api.dicebear.com/9.x/initials/svg?seed=trustpay-c187","INR 93,082.00","014878","61-75","Moderate","INR 6,778.00","09:00-19:00","clinic@trustpay|City Care Clinic;rent@trustpay|Rental Account;mobile@trustpay|Mobile Recharge"
"SYNTHETIC TEST DATA - NOT A REAL PERSON, ACCOUNT, OR PIN","C188","Tara Demo 188","+91 98087 00188","Apex Global Bank","XXXX-XXXX-4887","tarademo188@trustpay","https://api.dicebear.com/9.x/initials/svg?seed=trustpay-c188","INR 94,019.00","1479","18-30","Basic","INR 6,851.00","08:00-21:00","anand@apexbank|Anand (Son);tneb@trustpay|TNEB Electricity;nilgiris@trustpay|Nilgiris Supermarket"
"SYNTHETIC TEST DATA - NOT A REAL PERSON, ACCOUNT, OR PIN","C189","Ishaan Example 189","+91 98088 00189","Apex Global Bank","XXXX-XXXX-4888","ishaanexample189@trustpay","https://api.dicebear.com/9.x/initials/svg?seed=trustpay-c189","INR 94,956.00","015224","31-45","Advanced","INR 6,924.00","07:00-22:00","family@trustpay|Family Contact;utility@trustpay|Utility Payment;grocers@trustpay|Demo Grocers"
"SYNTHETIC TEST DATA - NOT A REAL PERSON, ACCOUNT, OR PIN","C190","Naina Sandbox 190","+91 98089 00190","Apex Global Bank","XXXX-XXXX-4889","nainasandbox190@trustpay","https://api.dicebear.com/9.x/initials/svg?seed=trustpay-c190","INR 95,893.00","1513","46-60","Moderate","INR 6,997.00","09:00-19:00","clinic@trustpay|City Care Clinic;rent@trustpay|Rental Account;mobile@trustpay|Mobile Recharge"
"SYNTHETIC TEST DATA - NOT A REAL PERSON, ACCOUNT, OR PIN","C191","Reyansh Iyer 191","+91 98090 00191","Apex Global Bank","XXXX-XXXX-4890","reyanshiyer191@trustpay","https://api.dicebear.com/9.x/initials/svg?seed=trustpay-c191","INR 96,830.00","015570","61-75","Basic","INR 7,070.00","08:00-21:00","anand@apexbank|Anand (Son);tneb@trustpay|TNEB Electricity;nilgiris@trustpay|Nilgiris Supermarket"
"SYNTHETIC TEST DATA - NOT A REAL PERSON, ACCOUNT, OR PIN","C192","Aditi Test 192","+91 98091 00192","Apex Global Bank","XXXX-XXXX-4891","adititest192@trustpay","https://api.dicebear.com/9.x/initials/svg?seed=trustpay-c192","INR 97,767.00","1547","18-30","Advanced","INR 7,143.00","07:00-22:00","family@trustpay|Family Contact;utility@trustpay|Utility Payment;grocers@trustpay|Demo Grocers"
"SYNTHETIC TEST DATA - NOT A REAL PERSON, ACCOUNT, OR PIN","C193","Neil Prototype 193","+91 98092 00193","Apex Global Bank","XXXX-XXXX-4892","neilprototype193@trustpay","https://api.dicebear.com/9.x/initials/svg?seed=trustpay-c193","INR 98,704.00","015916","31-45","Moderate","INR 7,216.00","09:00-19:00","clinic@trustpay|City Care Clinic;rent@trustpay|Rental Account;mobile@trustpay|Mobile Recharge"
"SYNTHETIC TEST DATA - NOT A REAL PERSON, ACCOUNT, OR PIN","C194","Mira Fictional 194","+91 98093 00194","Apex Global Bank","XXXX-XXXX-4893","mirafictional194@trustpay","https://api.dicebear.com/9.x/initials/svg?seed=trustpay-c194","INR 99,641.00","1581","46-60","Basic","INR 7,289.00","08:00-21:00","anand@apexbank|Anand (Son);tneb@trustpay|TNEB Electricity;nilgiris@trustpay|Nilgiris Supermarket"
"SYNTHETIC TEST DATA - NOT A REAL PERSON, ACCOUNT, OR PIN","C195","Yash Sample 195","+91 98094 00195","Apex Global Bank","XXXX-XXXX-4894","yashsample195@trustpay","https://api.dicebear.com/9.x/initials/svg?seed=trustpay-c195","INR 1,00,578.00","016262","61-75","Advanced","INR 7,362.00","07:00-22:00","family@trustpay|Family Contact;utility@trustpay|Utility Payment;grocers@trustpay|Demo Grocers"
"SYNTHETIC TEST DATA - NOT A REAL PERSON, ACCOUNT, OR PIN","C196","Saanvi Mock 196","+91 98095 00196","Apex Global Bank","XXXX-XXXX-4895","saanvimock196@trustpay","https://api.dicebear.com/9.x/initials/svg?seed=trustpay-c196","INR 1,01,515.00","1615","18-30","Moderate","INR 7,435.00","09:00-19:00","clinic@trustpay|City Care Clinic;rent@trustpay|Rental Account;mobile@trustpay|Mobile Recharge"
"SYNTHETIC TEST DATA - NOT A REAL PERSON, ACCOUNT, OR PIN","C197","Advik Training 197","+91 98096 00197","Apex Global Bank","XXXX-XXXX-4896","adviktraining197@trustpay","https://api.dicebear.com/9.x/initials/svg?seed=trustpay-c197","INR 1,02,452.00","016608","31-45","Basic","INR 7,508.00","08:00-21:00","anand@apexbank|Anand (Son);tneb@trustpay|TNEB Electricity;nilgiris@trustpay|Nilgiris Supermarket"
"SYNTHETIC TEST DATA - NOT A REAL PERSON, ACCOUNT, OR PIN","C198","Riya Demo 198","+91 98097 00198","Apex Global Bank","XXXX-XXXX-4897","riyademo198@trustpay","https://api.dicebear.com/9.x/initials/svg?seed=trustpay-c198","INR 1,03,389.00","1649","46-60","Advanced","INR 7,581.00","07:00-22:00","family@trustpay|Family Contact;utility@trustpay|Utility Payment;grocers@trustpay|Demo Grocers"
"SYNTHETIC TEST DATA - NOT A REAL PERSON, ACCOUNT, OR PIN","C199","Karan Example 199","+91 98098 00199","Apex Global Bank","XXXX-XXXX-4898","karanexample199@trustpay","https://api.dicebear.com/9.x/initials/svg?seed=trustpay-c199","INR 1,04,326.00","016954","61-75","Moderate","INR 7,654.00","09:00-19:00","clinic@trustpay|City Care Clinic;rent@trustpay|Rental Account;mobile@trustpay|Mobile Recharge"
"SYNTHETIC TEST DATA - NOT A REAL PERSON, ACCOUNT, OR PIN","C200","Pooja Sandbox 200","+91 98099 00200","Apex Global Bank","XXXX-XXXX-4899","poojasandbox200@trustpay","https://api.dicebear.com/9.x/initials/svg?seed=trustpay-c200","INR 1,05,263.00","1683","18-30","Basic","INR 7,727.00","08:00-21:00","anand@apexbank|Anand (Son);tneb@trustpay|TNEB Electricity;nilgiris@trustpay|Nilgiris Supermarket"
"SYNTHETIC TEST DATA - NOT A REAL PERSON, ACCOUNT, OR PIN","C201","Ramaswamy Iyer 201","+91 98100 00201","Apex Global Bank","XXXX-XXXX-4800","ramaswamyiyer201@trustpay","https://api.dicebear.com/9.x/initials/svg?seed=trustpay-c201","INR 1,06,200.00","017300","31-45","Advanced","INR 7,800.00","07:00-22:00","family@trustpay|Family Contact;utility@trustpay|Utility Payment;grocers@trustpay|Demo Grocers"
"SYNTHETIC TEST DATA - NOT A REAL PERSON, ACCOUNT, OR PIN","C202","Aarav Test 202","+91 98101 00202","Apex Global Bank","XXXX-XXXX-4801","aaravtest202@trustpay","https://api.dicebear.com/9.x/initials/svg?seed=trustpay-c202","INR 1,07,137.00","1717","46-60","Moderate","INR 7,873.00","09:00-19:00","clinic@trustpay|City Care Clinic;rent@trustpay|Rental Account;mobile@trustpay|Mobile Recharge"
"SYNTHETIC TEST DATA - NOT A REAL PERSON, ACCOUNT, OR PIN","C203","Diya Prototype 203","+91 98102 00203","Apex Global Bank","XXXX-XXXX-4802","diyaprototype203@trustpay","https://api.dicebear.com/9.x/initials/svg?seed=trustpay-c203","INR 1,08,074.00","017646","61-75","Basic","INR 7,946.00","08:00-21:00","anand@apexbank|Anand (Son);tneb@trustpay|TNEB Electricity;nilgiris@trustpay|Nilgiris Supermarket"
"SYNTHETIC TEST DATA - NOT A REAL PERSON, ACCOUNT, OR PIN","C204","Kabir Fictional 204","+91 98103 00204","Apex Global Bank","XXXX-XXXX-4803","kabirfictional204@trustpay","https://api.dicebear.com/9.x/initials/svg?seed=trustpay-c204","INR 1,09,011.00","1751","18-30","Advanced","INR 8,019.00","07:00-22:00","family@trustpay|Family Contact;utility@trustpay|Utility Payment;grocers@trustpay|Demo Grocers"
"SYNTHETIC TEST DATA - NOT A REAL PERSON, ACCOUNT, OR PIN","C205","Meera Sample 205","+91 98104 00205","Apex Global Bank","XXXX-XXXX-4804","meerasample205@trustpay","https://api.dicebear.com/9.x/initials/svg?seed=trustpay-c205","INR 1,09,948.00","017992","31-45","Moderate","INR 8,092.00","09:00-19:00","clinic@trustpay|City Care Clinic;rent@trustpay|Rental Account;mobile@trustpay|Mobile Recharge"
"SYNTHETIC TEST DATA - NOT A REAL PERSON, ACCOUNT, OR PIN","C206","Arjun Mock 206","+91 98105 00206","Apex Global Bank","XXXX-XXXX-4805","arjunmock206@trustpay","https://api.dicebear.com/9.x/initials/svg?seed=trustpay-c206","INR 1,10,885.00","1785","46-60","Basic","INR 8,165.00","08:00-21:00","anand@apexbank|Anand (Son);tneb@trustpay|TNEB Electricity;nilgiris@trustpay|Nilgiris Supermarket"
"SYNTHETIC TEST DATA - NOT A REAL PERSON, ACCOUNT, OR PIN","C207","Anaya Training 207","+91 98106 00207","Apex Global Bank","XXXX-XXXX-4806","anayatraining207@trustpay","https://api.dicebear.com/9.x/initials/svg?seed=trustpay-c207","INR 1,11,822.00","018338","61-75","Advanced","INR 8,238.00","07:00-22:00","family@trustpay|Family Contact;utility@trustpay|Utility Payment;grocers@trustpay|Demo Grocers"
"SYNTHETIC TEST DATA - NOT A REAL PERSON, ACCOUNT, OR PIN","C208","Vihaan Demo 208","+91 98107 00208","Apex Global Bank","XXXX-XXXX-4807","vihaandemo208@trustpay","https://api.dicebear.com/9.x/initials/svg?seed=trustpay-c208","INR 1,12,759.00","1819","18-30","Moderate","INR 8,311.00","09:00-19:00","clinic@trustpay|City Care Clinic;rent@trustpay|Rental Account;mobile@trustpay|Mobile Recharge"
"SYNTHETIC TEST DATA - NOT A REAL PERSON, ACCOUNT, OR PIN","C209","Isha Example 209","+91 98108 00209","Apex Global Bank","XXXX-XXXX-4808","ishaexample209@trustpay","https://api.dicebear.com/9.x/initials/svg?seed=trustpay-c209","INR 1,13,696.00","018684","31-45","Basic","INR 8,384.00","08:00-21:00","anand@apexbank|Anand (Son);tneb@trustpay|TNEB Electricity;nilgiris@trustpay|Nilgiris Supermarket"
"SYNTHETIC TEST DATA - NOT A REAL PERSON, ACCOUNT, OR PIN","C210","Rohan Sandbox 210","+91 98109 00210","Apex Global Bank","XXXX-XXXX-4809","rohansandbox210@trustpay","https://api.dicebear.com/9.x/initials/svg?seed=trustpay-c210","INR 1,14,633.00","1853","46-60","Advanced","INR 8,457.00","07:00-22:00","family@trustpay|Family Contact;utility@trustpay|Utility Payment;grocers@trustpay|Demo Grocers"
"SYNTHETIC TEST DATA - NOT A REAL PERSON, ACCOUNT, OR PIN","C211","Kavya Iyer 211","+91 98110 00211","Apex Global Bank","XXXX-XXXX-4810","kavyaiyer211@trustpay","https://api.dicebear.com/9.x/initials/svg?seed=trustpay-c211","INR 1,15,570.00","019030","61-75","Moderate","INR 8,530.00","09:00-19:00","clinic@trustpay|City Care Clinic;rent@trustpay|Rental Account;mobile@trustpay|Mobile Recharge"
"SYNTHETIC TEST DATA - NOT A REAL PERSON, ACCOUNT, OR PIN","C212","Dev Test 212","+91 98111 00212","Apex Global Bank","XXXX-XXXX-4811","devtest212@trustpay","https://api.dicebear.com/9.x/initials/svg?seed=trustpay-c212","INR 1,16,507.00","1887","18-30","Basic","INR 8,603.00","08:00-21:00","anand@apexbank|Anand (Son);tneb@trustpay|TNEB Electricity;nilgiris@trustpay|Nilgiris Supermarket"
"SYNTHETIC TEST DATA - NOT A REAL PERSON, ACCOUNT, OR PIN","C213","Tara Prototype 213","+91 98112 00213","Apex Global Bank","XXXX-XXXX-4812","taraprototype213@trustpay","https://api.dicebear.com/9.x/initials/svg?seed=trustpay-c213","INR 1,17,444.00","019376","31-45","Advanced","INR 8,676.00","07:00-22:00","family@trustpay|Family Contact;utility@trustpay|Utility Payment;grocers@trustpay|Demo Grocers"
"SYNTHETIC TEST DATA - NOT A REAL PERSON, ACCOUNT, OR PIN","C214","Ishaan Fictional 214","+91 98113 00214","Apex Global Bank","XXXX-XXXX-4813","ishaanfictional214@trustpay","https://api.dicebear.com/9.x/initials/svg?seed=trustpay-c214","INR 1,18,381.00","1921","46-60","Moderate","INR 8,749.00","09:00-19:00","clinic@trustpay|City Care Clinic;rent@trustpay|Rental Account;mobile@trustpay|Mobile Recharge"
"SYNTHETIC TEST DATA - NOT A REAL PERSON, ACCOUNT, OR PIN","C215","Naina Sample 215","+91 98114 00215","Apex Global Bank","XXXX-XXXX-4814","nainasample215@trustpay","https://api.dicebear.com/9.x/initials/svg?seed=trustpay-c215","INR 1,19,318.00","019722","61-75","Basic","INR 8,822.00","08:00-21:00","anand@apexbank|Anand (Son);tneb@trustpay|TNEB Electricity;nilgiris@trustpay|Nilgiris Supermarket"
"SYNTHETIC TEST DATA - NOT A REAL PERSON, ACCOUNT, OR PIN","C216","Reyansh Mock 216","+91 98115 00216","Apex Global Bank","XXXX-XXXX-4815","reyanshmock216@trustpay","https://api.dicebear.com/9.x/initials/svg?seed=trustpay-c216","INR 1,20,255.00","1955","18-30","Advanced","INR 8,895.00","07:00-22:00","family@trustpay|Family Contact;utility@trustpay|Utility Payment;grocers@trustpay|Demo Grocers"
"SYNTHETIC TEST DATA - NOT A REAL PERSON, ACCOUNT, OR PIN","C217","Aditi Training 217","+91 98116 00217","Apex Global Bank","XXXX-XXXX-4816","adititraining217@trustpay","https://api.dicebear.com/9.x/initials/svg?seed=trustpay-c217","INR 1,21,192.00","020068","31-45","Moderate","INR 8,968.00","09:00-19:00","clinic@trustpay|City Care Clinic;rent@trustpay|Rental Account;mobile@trustpay|Mobile Recharge"
"SYNTHETIC TEST DATA - NOT A REAL PERSON, ACCOUNT, OR PIN","C218","Neil Demo 218","+91 98117 00218","Apex Global Bank","XXXX-XXXX-4817","neildemo218@trustpay","https://api.dicebear.com/9.x/initials/svg?seed=trustpay-c218","INR 1,22,129.00","1989","46-60","Basic","INR 9,041.00","08:00-21:00","anand@apexbank|Anand (Son);tneb@trustpay|TNEB Electricity;nilgiris@trustpay|Nilgiris Supermarket"
"SYNTHETIC TEST DATA - NOT A REAL PERSON, ACCOUNT, OR PIN","C219","Mira Example 219","+91 98118 00219","Apex Global Bank","XXXX-XXXX-4818","miraexample219@trustpay","https://api.dicebear.com/9.x/initials/svg?seed=trustpay-c219","INR 1,23,066.00","020414","61-75","Advanced","INR 9,114.00","07:00-22:00","family@trustpay|Family Contact;utility@trustpay|Utility Payment;grocers@trustpay|Demo Grocers"
"SYNTHETIC TEST DATA - NOT A REAL PERSON, ACCOUNT, OR PIN","C220","Yash Sandbox 220","+91 98119 00220","Apex Global Bank","XXXX-XXXX-4819","yashsandbox220@trustpay","https://api.dicebear.com/9.x/initials/svg?seed=trustpay-c220","INR 1,24,003.00","2023","18-30","Moderate","INR 9,187.00","09:00-19:00","clinic@trustpay|City Care Clinic;rent@trustpay|Rental Account;mobile@trustpay|Mobile Recharge"
"SYNTHETIC TEST DATA - NOT A REAL PERSON, ACCOUNT, OR PIN","C221","Saanvi Iyer 221","+91 98120 00221","Apex Global Bank","XXXX-XXXX-4820","saanviiyer221@trustpay","https://api.dicebear.com/9.x/initials/svg?seed=trustpay-c221","INR 1,24,940.00","020760","31-45","Basic","INR 9,260.00","08:00-21:00","anand@apexbank|Anand (Son);tneb@trustpay|TNEB Electricity;nilgiris@trustpay|Nilgiris Supermarket"
"SYNTHETIC TEST DATA - NOT A REAL PERSON, ACCOUNT, OR PIN","C222","Advik Test 222","+91 98121 00222","Apex Global Bank","XXXX-XXXX-4821","adviktest222@trustpay","https://api.dicebear.com/9.x/initials/svg?seed=trustpay-c222","INR 1,25,877.00","2057","46-60","Advanced","INR 9,333.00","07:00-22:00","family@trustpay|Family Contact;utility@trustpay|Utility Payment;grocers@trustpay|Demo Grocers"
"SYNTHETIC TEST DATA - NOT A REAL PERSON, ACCOUNT, OR PIN","C223","Riya Prototype 223","+91 98122 00223","Apex Global Bank","XXXX-XXXX-4822","riyaprototype223@trustpay","https://api.dicebear.com/9.x/initials/svg?seed=trustpay-c223","INR 1,26,814.00","021106","61-75","Moderate","INR 9,406.00","09:00-19:00","clinic@trustpay|City Care Clinic;rent@trustpay|Rental Account;mobile@trustpay|Mobile Recharge"
"SYNTHETIC TEST DATA - NOT A REAL PERSON, ACCOUNT, OR PIN","C224","Karan Fictional 224","+91 98123 00224","Apex Global Bank","XXXX-XXXX-4823","karanfictional224@trustpay","https://api.dicebear.com/9.x/initials/svg?seed=trustpay-c224","INR 1,27,751.00","2091","18-30","Basic","INR 9,479.00","08:00-21:00","anand@apexbank|Anand (Son);tneb@trustpay|TNEB Electricity;nilgiris@trustpay|Nilgiris Supermarket"
"SYNTHETIC TEST DATA - NOT A REAL PERSON, ACCOUNT, OR PIN","C225","Pooja Sample 225","+91 98124 00225","Apex Global Bank","XXXX-XXXX-4824","poojasample225@trustpay","https://api.dicebear.com/9.x/initials/svg?seed=trustpay-c225","INR 1,28,688.00","021452","31-45","Advanced","INR 9,552.00","07:00-22:00","family@trustpay|Family Contact;utility@trustpay|Utility Payment;grocers@trustpay|Demo Grocers"
"SYNTHETIC TEST DATA - NOT A REAL PERSON, ACCOUNT, OR PIN","C226","Ramaswamy Mock 226","+91 98125 00226","Apex Global Bank","XXXX-XXXX-4825","ramaswamymock226@trustpay","https://api.dicebear.com/9.x/initials/svg?seed=trustpay-c226","INR 1,29,625.00","2125","46-60","Moderate","INR 9,625.00","09:00-19:00","clinic@trustpay|City Care Clinic;rent@trustpay|Rental Account;mobile@trustpay|Mobile Recharge"
"SYNTHETIC TEST DATA - NOT A REAL PERSON, ACCOUNT, OR PIN","C227","Aarav Training 227","+91 98126 00227","Apex Global Bank","XXXX-XXXX-4826","aaravtraining227@trustpay","https://api.dicebear.com/9.x/initials/svg?seed=trustpay-c227","INR 1,30,562.00","021798","61-75","Basic","INR 9,698.00","08:00-21:00","anand@apexbank|Anand (Son);tneb@trustpay|TNEB Electricity;nilgiris@trustpay|Nilgiris Supermarket"
"SYNTHETIC TEST DATA - NOT A REAL PERSON, ACCOUNT, OR PIN","C228","Diya Demo 228","+91 98127 00228","Apex Global Bank","XXXX-XXXX-4827","diyademo228@trustpay","https://api.dicebear.com/9.x/initials/svg?seed=trustpay-c228","INR 1,31,499.00","2159","18-30","Advanced","INR 9,771.00","07:00-22:00","family@trustpay|Family Contact;utility@trustpay|Utility Payment;grocers@trustpay|Demo Grocers"
"SYNTHETIC TEST DATA - NOT A REAL PERSON, ACCOUNT, OR PIN","C229","Kabir Example 229","+91 98128 00229","Apex Global Bank","XXXX-XXXX-4828","kabirexample229@trustpay","https://api.dicebear.com/9.x/initials/svg?seed=trustpay-c229","INR 1,32,436.00","022144","31-45","Moderate","INR 9,844.00","09:00-19:00","clinic@trustpay|City Care Clinic;rent@trustpay|Rental Account;mobile@trustpay|Mobile Recharge"
"SYNTHETIC TEST DATA - NOT A REAL PERSON, ACCOUNT, OR PIN","C230","Meera Sandbox 230","+91 98129 00230","Apex Global Bank","XXXX-XXXX-4829","meerasandbox230@trustpay","https://api.dicebear.com/9.x/initials/svg?seed=trustpay-c230","INR 1,33,373.00","2193","46-60","Basic","INR 9,917.00","08:00-21:00","anand@apexbank|Anand (Son);tneb@trustpay|TNEB Electricity;nilgiris@trustpay|Nilgiris Supermarket"
"SYNTHETIC TEST DATA - NOT A REAL PERSON, ACCOUNT, OR PIN","C231","Arjun Iyer 231","+91 98130 00231","Apex Global Bank","XXXX-XXXX-4830","arjuniyer231@trustpay","https://api.dicebear.com/9.x/initials/svg?seed=trustpay-c231","INR 1,34,310.00","022490","61-75","Advanced","INR 9,990.00","07:00-22:00","family@trustpay|Family Contact;utility@trustpay|Utility Payment;grocers@trustpay|Demo Grocers"
"SYNTHETIC TEST DATA - NOT A REAL PERSON, ACCOUNT, OR PIN","C232","Anaya Test 232","+91 98131 00232","Apex Global Bank","XXXX-XXXX-4831","anayatest232@trustpay","https://api.dicebear.com/9.x/initials/svg?seed=trustpay-c232","INR 1,35,247.00","2227","18-30","Moderate","INR 10,063.00","09:00-19:00","clinic@trustpay|City Care Clinic;rent@trustpay|Rental Account;mobile@trustpay|Mobile Recharge"
"SYNTHETIC TEST DATA - NOT A REAL PERSON, ACCOUNT, OR PIN","C233","Vihaan Prototype 233","+91 98132 00233","Apex Global Bank","XXXX-XXXX-4832","vihaanprototype233@trustpay","https://api.dicebear.com/9.x/initials/svg?seed=trustpay-c233","INR 1,36,184.00","022836","31-45","Basic","INR 10,136.00","08:00-21:00","anand@apexbank|Anand (Son);tneb@trustpay|TNEB Electricity;nilgiris@trustpay|Nilgiris Supermarket"
"SYNTHETIC TEST DATA - NOT A REAL PERSON, ACCOUNT, OR PIN","C234","Isha Fictional 234","+91 98133 00234","Apex Global Bank","XXXX-XXXX-4833","ishafictional234@trustpay","https://api.dicebear.com/9.x/initials/svg?seed=trustpay-c234","INR 1,37,121.00","2261","46-60","Advanced","INR 10,209.00","07:00-22:00","family@trustpay|Family Contact;utility@trustpay|Utility Payment;grocers@trustpay|Demo Grocers"
"SYNTHETIC TEST DATA - NOT A REAL PERSON, ACCOUNT, OR PIN","C235","Rohan Sample 235","+91 98134 00235","Apex Global Bank","XXXX-XXXX-4834","rohansample235@trustpay","https://api.dicebear.com/9.x/initials/svg?seed=trustpay-c235","INR 1,38,058.00","023182","61-75","Moderate","INR 10,282.00","09:00-19:00","clinic@trustpay|City Care Clinic;rent@trustpay|Rental Account;mobile@trustpay|Mobile Recharge"
"SYNTHETIC TEST DATA - NOT A REAL PERSON, ACCOUNT, OR PIN","C236","Kavya Mock 236","+91 98135 00236","Apex Global Bank","XXXX-XXXX-4835","kavyamock236@trustpay","https://api.dicebear.com/9.x/initials/svg?seed=trustpay-c236","INR 1,38,995.00","2295","18-30","Basic","INR 10,355.00","08:00-21:00","anand@apexbank|Anand (Son);tneb@trustpay|TNEB Electricity;nilgiris@trustpay|Nilgiris Supermarket"
"SYNTHETIC TEST DATA - NOT A REAL PERSON, ACCOUNT, OR PIN","C237","Dev Training 237","+91 98136 00237","Apex Global Bank","XXXX-XXXX-4836","devtraining237@trustpay","https://api.dicebear.com/9.x/initials/svg?seed=trustpay-c237","INR 1,39,932.00","023528","31-45","Advanced","INR 10,428.00","07:00-22:00","family@trustpay|Family Contact;utility@trustpay|Utility Payment;grocers@trustpay|Demo Grocers"
"SYNTHETIC TEST DATA - NOT A REAL PERSON, ACCOUNT, OR PIN","C238","Tara Demo 238","+91 98137 00238","Apex Global Bank","XXXX-XXXX-4837","tarademo238@trustpay","https://api.dicebear.com/9.x/initials/svg?seed=trustpay-c238","INR 1,40,869.00","2329","46-60","Moderate","INR 10,501.00","09:00-19:00","clinic@trustpay|City Care Clinic;rent@trustpay|Rental Account;mobile@trustpay|Mobile Recharge"
"SYNTHETIC TEST DATA - NOT A REAL PERSON, ACCOUNT, OR PIN","C239","Ishaan Example 239","+91 98138 00239","Apex Global Bank","XXXX-XXXX-4838","ishaanexample239@trustpay","https://api.dicebear.com/9.x/initials/svg?seed=trustpay-c239","INR 1,41,806.00","023874","61-75","Basic","INR 10,574.00","08:00-21:00","anand@apexbank|Anand (Son);tneb@trustpay|TNEB Electricity;nilgiris@trustpay|Nilgiris Supermarket"
"SYNTHETIC TEST DATA - NOT A REAL PERSON, ACCOUNT, OR PIN","C240","Naina Sandbox 240","+91 98139 00240","Apex Global Bank","XXXX-XXXX-4839","nainasandbox240@trustpay","https://api.dicebear.com/9.x/initials/svg?seed=trustpay-c240","INR 1,42,743.00","2363","18-30","Advanced","INR 10,647.00","07:00-22:00","family@trustpay|Family Contact;utility@trustpay|Utility Payment;grocers@trustpay|Demo Grocers"
"SYNTHETIC TEST DATA - NOT A REAL PERSON, ACCOUNT, OR PIN","C241","Reyansh Iyer 241","+91 98140 00241","Apex Global Bank","XXXX-XXXX-4840","reyanshiyer241@trustpay","https://api.dicebear.com/9.x/initials/svg?seed=trustpay-c241","INR 1,43,680.00","024220","31-45","Moderate","INR 10,720.00","09:00-19:00","clinic@trustpay|City Care Clinic;rent@trustpay|Rental Account;mobile@trustpay|Mobile Recharge"
"SYNTHETIC TEST DATA - NOT A REAL PERSON, ACCOUNT, OR PIN","C242","Aditi Test 242","+91 98141 00242","Apex Global Bank","XXXX-XXXX-4841","adititest242@trustpay","https://api.dicebear.com/9.x/initials/svg?seed=trustpay-c242","INR 1,44,617.00","2397","46-60","Basic","INR 10,793.00","08:00-21:00","anand@apexbank|Anand (Son);tneb@trustpay|TNEB Electricity;nilgiris@trustpay|Nilgiris Supermarket"
"SYNTHETIC TEST DATA - NOT A REAL PERSON, ACCOUNT, OR PIN","C243","Neil Prototype 243","+91 98142 00243","Apex Global Bank","XXXX-XXXX-4842","neilprototype243@trustpay","https://api.dicebear.com/9.x/initials/svg?seed=trustpay-c243","INR 1,45,554.00","024566","61-75","Advanced","INR 10,866.00","07:00-22:00","family@trustpay|Family Contact;utility@trustpay|Utility Payment;grocers@trustpay|Demo Grocers"
"SYNTHETIC TEST DATA - NOT A REAL PERSON, ACCOUNT, OR PIN","C244","Mira Fictional 244","+91 98143 00244","Apex Global Bank","XXXX-XXXX-4843","mirafictional244@trustpay","https://api.dicebear.com/9.x/initials/svg?seed=trustpay-c244","INR 1,46,491.00","2431","18-30","Moderate","INR 10,939.00","09:00-19:00","clinic@trustpay|City Care Clinic;rent@trustpay|Rental Account;mobile@trustpay|Mobile Recharge"
"SYNTHETIC TEST DATA - NOT A REAL PERSON, ACCOUNT, OR PIN","C245","Yash Sample 245","+91 98144 00245","Apex Global Bank","XXXX-XXXX-4844","yashsample245@trustpay","https://api.dicebear.com/9.x/initials/svg?seed=trustpay-c245","INR 1,47,428.00","024912","31-45","Basic","INR 11,012.00","08:00-21:00","anand@apexbank|Anand (Son);tneb@trustpay|TNEB Electricity;nilgiris@trustpay|Nilgiris Supermarket"
"SYNTHETIC TEST DATA - NOT A REAL PERSON, ACCOUNT, OR PIN","C246","Saanvi Mock 246","+91 98145 00246","Apex Global Bank","XXXX-XXXX-4845","saanvimock246@trustpay","https://api.dicebear.com/9.x/initials/svg?seed=trustpay-c246","INR 1,48,365.00","2465","46-60","Advanced","INR 11,085.00","07:00-22:00","family@trustpay|Family Contact;utility@trustpay|Utility Payment;grocers@trustpay|Demo Grocers"
"SYNTHETIC TEST DATA - NOT A REAL PERSON, ACCOUNT, OR PIN","C247","Advik Training 247","+91 98146 00247","Apex Global Bank","XXXX-XXXX-4846","adviktraining247@trustpay","https://api.dicebear.com/9.x/initials/svg?seed=trustpay-c247","INR 1,49,302.00","025258","61-75","Moderate","INR 11,158.00","09:00-19:00","clinic@trustpay|City Care Clinic;rent@trustpay|Rental Account;mobile@trustpay|Mobile Recharge"
"SYNTHETIC TEST DATA - NOT A REAL PERSON, ACCOUNT, OR PIN","C248","Riya Demo 248","+91 98147 00248","Apex Global Bank","XXXX-XXXX-4847","riyademo248@trustpay","https://api.dicebear.com/9.x/initials/svg?seed=trustpay-c248","INR 1,50,239.00","2499","18-30","Basic","INR 11,231.00","08:00-21:00","anand@apexbank|Anand (Son);tneb@trustpay|TNEB Electricity;nilgiris@trustpay|Nilgiris Supermarket"
"SYNTHETIC TEST DATA - NOT A REAL PERSON, ACCOUNT, OR PIN","C249","Karan Example 249","+91 98148 00249","Apex Global Bank","XXXX-XXXX-4848","karanexample249@trustpay","https://api.dicebear.com/9.x/initials/svg?seed=trustpay-c249","INR 1,51,176.00","025604","31-45","Advanced","INR 11,304.00","07:00-22:00","family@trustpay|Family Contact;utility@trustpay|Utility Payment;grocers@trustpay|Demo Grocers"
"SYNTHETIC TEST DATA - NOT A REAL PERSON, ACCOUNT, OR PIN","C250","Pooja Sandbox 250","+91 98149 00250","Apex Global Bank","XXXX-XXXX-4849","poojasandbox250@trustpay","https://api.dicebear.com/9.x/initials/svg?seed=trustpay-c250","INR 1,52,113.00","2533","46-60","Moderate","INR 11,377.00","09:00-19:00","clinic@trustpay|City Care Clinic;rent@trustpay|Rental Account;mobile@trustpay|Mobile Recharge"
"SYNTHETIC TEST DATA - NOT A REAL PERSON, ACCOUNT, OR PIN","C251","Ramaswamy Iyer 251","+91 98150 00251","Apex Global Bank","XXXX-XXXX-4850","ramaswamyiyer251@trustpay","https://api.dicebear.com/9.x/initials/svg?seed=trustpay-c251","INR 1,53,050.00","025950","61-75","Basic","INR 11,450.00","08:00-21:00","anand@apexbank|Anand (Son);tneb@trustpay|TNEB Electricity;nilgiris@trustpay|Nilgiris Supermarket"
"SYNTHETIC TEST DATA - NOT A REAL PERSON, ACCOUNT, OR PIN","C252","Aarav Test 252","+91 98151 00252","Apex Global Bank","XXXX-XXXX-4851","aaravtest252@trustpay","https://api.dicebear.com/9.x/initials/svg?seed=trustpay-c252","INR 1,53,987.00","2567","18-30","Advanced","INR 11,523.00","07:00-22:00","family@trustpay|Family Contact;utility@trustpay|Utility Payment;grocers@trustpay|Demo Grocers"
"SYNTHETIC TEST DATA - NOT A REAL PERSON, ACCOUNT, OR PIN","C253","Diya Prototype 253","+91 98152 00253","Apex Global Bank","XXXX-XXXX-4852","diyaprototype253@trustpay","https://api.dicebear.com/9.x/initials/svg?seed=trustpay-c253","INR 1,54,924.00","026296","31-45","Moderate","INR 11,596.00","09:00-19:00","clinic@trustpay|City Care Clinic;rent@trustpay|Rental Account;mobile@trustpay|Mobile Recharge"
"SYNTHETIC TEST DATA - NOT A REAL PERSON, ACCOUNT, OR PIN","C254","Kabir Fictional 254","+91 98153 00254","Apex Global Bank","XXXX-XXXX-4853","kabirfictional254@trustpay","https://api.dicebear.com/9.x/initials/svg?seed=trustpay-c254","INR 1,55,861.00","2601","46-60","Basic","INR 11,669.00","08:00-21:00","anand@apexbank|Anand (Son);tneb@trustpay|TNEB Electricity;nilgiris@trustpay|Nilgiris Supermarket"
"SYNTHETIC TEST DATA - NOT A REAL PERSON, ACCOUNT, OR PIN","C255","Meera Sample 255","+91 98154 00255","Apex Global Bank","XXXX-XXXX-4854","meerasample255@trustpay","https://api.dicebear.com/9.x/initials/svg?seed=trustpay-c255","INR 1,56,798.00","026642","61-75","Advanced","INR 11,742.00","07:00-22:00","family@trustpay|Family Contact;utility@trustpay|Utility Payment;grocers@trustpay|Demo Grocers"
"SYNTHETIC TEST DATA - NOT A REAL PERSON, ACCOUNT, OR PIN","C256","Arjun Mock 256","+91 98155 00256","Apex Global Bank","XXXX-XXXX-4855","arjunmock256@trustpay","https://api.dicebear.com/9.x/initials/svg?seed=trustpay-c256","INR 1,57,735.00","2635","18-30","Moderate","INR 11,815.00","09:00-19:00","clinic@trustpay|City Care Clinic;rent@trustpay|Rental Account;mobile@trustpay|Mobile Recharge"
"SYNTHETIC TEST DATA - NOT A REAL PERSON, ACCOUNT, OR PIN","C257","Anaya Training 257","+91 98156 00257","Apex Global Bank","XXXX-XXXX-4856","anayatraining257@trustpay","https://api.dicebear.com/9.x/initials/svg?seed=trustpay-c257","INR 1,58,672.00","026988","31-45","Basic","INR 11,888.00","08:00-21:00","anand@apexbank|Anand (Son);tneb@trustpay|TNEB Electricity;nilgiris@trustpay|Nilgiris Supermarket"
"SYNTHETIC TEST DATA - NOT A REAL PERSON, ACCOUNT, OR PIN","C258","Vihaan Demo 258","+91 98157 00258","Apex Global Bank","XXXX-XXXX-4857","vihaandemo258@trustpay","https://api.dicebear.com/9.x/initials/svg?seed=trustpay-c258","INR 1,59,609.00","2669","46-60","Advanced","INR 11,961.00","07:00-22:00","family@trustpay|Family Contact;utility@trustpay|Utility Payment;grocers@trustpay|Demo Grocers"
"SYNTHETIC TEST DATA - NOT A REAL PERSON, ACCOUNT, OR PIN","C259","Isha Example 259","+91 98158 00259","Apex Global Bank","XXXX-XXXX-4858","ishaexample259@trustpay","https://api.dicebear.com/9.x/initials/svg?seed=trustpay-c259","INR 1,60,546.00","027334","61-75","Moderate","INR 12,034.00","09:00-19:00","clinic@trustpay|City Care Clinic;rent@trustpay|Rental Account;mobile@trustpay|Mobile Recharge"
"SYNTHETIC TEST DATA - NOT A REAL PERSON, ACCOUNT, OR PIN","C260","Rohan Sandbox 260","+91 98159 00260","Apex Global Bank","XXXX-XXXX-4859","rohansandbox260@trustpay","https://api.dicebear.com/9.x/initials/svg?seed=trustpay-c260","INR 1,61,483.00","2703","18-30","Basic","INR 12,107.00","08:00-21:00","anand@apexbank|Anand (Son);tneb@trustpay|TNEB Electricity;nilgiris@trustpay|Nilgiris Supermarket"
"SYNTHETIC TEST DATA - NOT A REAL PERSON, ACCOUNT, OR PIN","C261","Kavya Iyer 261","+91 98160 00261","Apex Global Bank","XXXX-XXXX-4860","kavyaiyer261@trustpay","https://api.dicebear.com/9.x/initials/svg?seed=trustpay-c261","INR 1,62,420.00","027680","31-45","Advanced","INR 12,180.00","07:00-22:00","family@trustpay|Family Contact;utility@trustpay|Utility Payment;grocers@trustpay|Demo Grocers"
"SYNTHETIC TEST DATA - NOT A REAL PERSON, ACCOUNT, OR PIN","C262","Dev Test 262","+91 98161 00262","Apex Global Bank","XXXX-XXXX-4861","devtest262@trustpay","https://api.dicebear.com/9.x/initials/svg?seed=trustpay-c262","INR 1,63,357.00","2737","46-60","Moderate","INR 12,253.00","09:00-19:00","clinic@trustpay|City Care Clinic;rent@trustpay|Rental Account;mobile@trustpay|Mobile Recharge"
"SYNTHETIC TEST DATA - NOT A REAL PERSON, ACCOUNT, OR PIN","C263","Tara Prototype 263","+91 98162 00263","Apex Global Bank","XXXX-XXXX-4862","taraprototype263@trustpay","https://api.dicebear.com/9.x/initials/svg?seed=trustpay-c263","INR 1,64,294.00","028026","61-75","Basic","INR 12,326.00","08:00-21:00","anand@apexbank|Anand (Son);tneb@trustpay|TNEB Electricity;nilgiris@trustpay|Nilgiris Supermarket"
"SYNTHETIC TEST DATA - NOT A REAL PERSON, ACCOUNT, OR PIN","C264","Ishaan Fictional 264","+91 98163 00264","Apex Global Bank","XXXX-XXXX-4863","ishaanfictional264@trustpay","https://api.dicebear.com/9.x/initials/svg?seed=trustpay-c264","INR 1,65,231.00","2771","18-30","Advanced","INR 12,399.00","07:00-22:00","family@trustpay|Family Contact;utility@trustpay|Utility Payment;grocers@trustpay|Demo Grocers"
"SYNTHETIC TEST DATA - NOT A REAL PERSON, ACCOUNT, OR PIN","C265","Naina Sample 265","+91 98164 00265","Apex Global Bank","XXXX-XXXX-4864","nainasample265@trustpay","https://api.dicebear.com/9.x/initials/svg?seed=trustpay-c265","INR 1,66,168.00","028372","31-45","Moderate","INR 12,472.00","09:00-19:00","clinic@trustpay|City Care Clinic;rent@trustpay|Rental Account;mobile@trustpay|Mobile Recharge"
"SYNTHETIC TEST DATA - NOT A REAL PERSON, ACCOUNT, OR PIN","C266","Reyansh Mock 266","+91 98165 00266","Apex Global Bank","XXXX-XXXX-4865","reyanshmock266@trustpay","https://api.dicebear.com/9.x/initials/svg?seed=trustpay-c266","INR 1,67,105.00","2805","46-60","Basic","INR 12,545.00","08:00-21:00","anand@apexbank|Anand (Son);tneb@trustpay|TNEB Electricity;nilgiris@trustpay|Nilgiris Supermarket"
"SYNTHETIC TEST DATA - NOT A REAL PERSON, ACCOUNT, OR PIN","C267","Aditi Training 267","+91 98166 00267","Apex Global Bank","XXXX-XXXX-4866","adititraining267@trustpay","https://api.dicebear.com/9.x/initials/svg?seed=trustpay-c267","INR 1,68,042.00","028718","61-75","Advanced","INR 12,618.00","07:00-22:00","family@trustpay|Family Contact;utility@trustpay|Utility Payment;grocers@trustpay|Demo Grocers"
"SYNTHETIC TEST DATA - NOT A REAL PERSON, ACCOUNT, OR PIN","C268","Neil Demo 268","+91 98167 00268","Apex Global Bank","XXXX-XXXX-4867","neildemo268@trustpay","https://api.dicebear.com/9.x/initials/svg?seed=trustpay-c268","INR 1,68,979.00","2839","18-30","Moderate","INR 12,691.00","09:00-19:00","clinic@trustpay|City Care Clinic;rent@trustpay|Rental Account;mobile@trustpay|Mobile Recharge"
"SYNTHETIC TEST DATA - NOT A REAL PERSON, ACCOUNT, OR PIN","C269","Mira Example 269","+91 98168 00269","Apex Global Bank","XXXX-XXXX-4868","miraexample269@trustpay","https://api.dicebear.com/9.x/initials/svg?seed=trustpay-c269","INR 1,69,916.00","029064","31-45","Basic","INR 12,764.00","08:00-21:00","anand@apexbank|Anand (Son);tneb@trustpay|TNEB Electricity;nilgiris@trustpay|Nilgiris Supermarket"
"SYNTHETIC TEST DATA - NOT A REAL PERSON, ACCOUNT, OR PIN","C270","Yash Sandbox 270","+91 98169 00270","Apex Global Bank","XXXX-XXXX-4869","yashsandbox270@trustpay","https://api.dicebear.com/9.x/initials/svg?seed=trustpay-c270","INR 1,70,853.00","2873","46-60","Advanced","INR 12,837.00","07:00-22:00","family@trustpay|Family Contact;utility@trustpay|Utility Payment;grocers@trustpay|Demo Grocers"
"SYNTHETIC TEST DATA - NOT A REAL PERSON, ACCOUNT, OR PIN","C271","Saanvi Iyer 271","+91 98170 00271","Apex Global Bank","XXXX-XXXX-4870","saanviiyer271@trustpay","https://api.dicebear.com/9.x/initials/svg?seed=trustpay-c271","INR 1,71,790.00","029410","61-75","Moderate","INR 12,910.00","09:00-19:00","clinic@trustpay|City Care Clinic;rent@trustpay|Rental Account;mobile@trustpay|Mobile Recharge"
"SYNTHETIC TEST DATA - NOT A REAL PERSON, ACCOUNT, OR PIN","C272","Advik Test 272","+91 98171 00272","Apex Global Bank","XXXX-XXXX-4871","adviktest272@trustpay","https://api.dicebear.com/9.x/initials/svg?seed=trustpay-c272","INR 1,72,727.00","2907","18-30","Basic","INR 12,983.00","08:00-21:00","anand@apexbank|Anand (Son);tneb@trustpay|TNEB Electricity;nilgiris@trustpay|Nilgiris Supermarket"
"SYNTHETIC TEST DATA - NOT A REAL PERSON, ACCOUNT, OR PIN","C273","Riya Prototype 273","+91 98172 00273","Apex Global Bank","XXXX-XXXX-4872","riyaprototype273@trustpay","https://api.dicebear.com/9.x/initials/svg?seed=trustpay-c273","INR 1,73,664.00","029756","31-45","Advanced","INR 13,056.00","07:00-22:00","family@trustpay|Family Contact;utility@trustpay|Utility Payment;grocers@trustpay|Demo Grocers"
"SYNTHETIC TEST DATA - NOT A REAL PERSON, ACCOUNT, OR PIN","C274","Karan Fictional 274","+91 98173 00274","Apex Global Bank","XXXX-XXXX-4873","karanfictional274@trustpay","https://api.dicebear.com/9.x/initials/svg?seed=trustpay-c274","INR 1,74,601.00","2941","46-60","Moderate","INR 13,129.00","09:00-19:00","clinic@trustpay|City Care Clinic;rent@trustpay|Rental Account;mobile@trustpay|Mobile Recharge"
"SYNTHETIC TEST DATA - NOT A REAL PERSON, ACCOUNT, OR PIN","C275","Pooja Sample 275","+91 98174 00275","Apex Global Bank","XXXX-XXXX-4874","poojasample275@trustpay","https://api.dicebear.com/9.x/initials/svg?seed=trustpay-c275","INR 1,75,538.00","030102","61-75","Basic","INR 13,202.00","08:00-21:00","anand@apexbank|Anand (Son);tneb@trustpay|TNEB Electricity;nilgiris@trustpay|Nilgiris Supermarket"
"SYNTHETIC TEST DATA - NOT A REAL PERSON, ACCOUNT, OR PIN","C276","Ramaswamy Mock 276","+91 98175 00276","Apex Global Bank","XXXX-XXXX-4875","ramaswamymock276@trustpay","https://api.dicebear.com/9.x/initials/svg?seed=trustpay-c276","INR 1,76,475.00","2975","18-30","Advanced","INR 13,275.00","07:00-22:00","family@trustpay|Family Contact;utility@trustpay|Utility Payment;grocers@trustpay|Demo Grocers"
"SYNTHETIC TEST DATA - NOT A REAL PERSON, ACCOUNT, OR PIN","C277","Aarav Training 277","+91 98176 00277","Apex Global Bank","XXXX-XXXX-4876","aaravtraining277@trustpay","https://api.dicebear.com/9.x/initials/svg?seed=trustpay-c277","INR 1,77,412.00","030448","31-45","Moderate","INR 13,348.00","09:00-19:00","clinic@trustpay|City Care Clinic;rent@trustpay|Rental Account;mobile@trustpay|Mobile Recharge"
"SYNTHETIC TEST DATA - NOT A REAL PERSON, ACCOUNT, OR PIN","C278","Diya Demo 278","+91 98177 00278","Apex Global Bank","XXXX-XXXX-4877","diyademo278@trustpay","https://api.dicebear.com/9.x/initials/svg?seed=trustpay-c278","INR 1,78,349.00","3009","46-60","Basic","INR 13,421.00","08:00-21:00","anand@apexbank|Anand (Son);tneb@trustpay|TNEB Electricity;nilgiris@trustpay|Nilgiris Supermarket"
"SYNTHETIC TEST DATA - NOT A REAL PERSON, ACCOUNT, OR PIN","C279","Kabir Example 279","+91 98178 00279","Apex Global Bank","XXXX-XXXX-4878","kabirexample279@trustpay","https://api.dicebear.com/9.x/initials/svg?seed=trustpay-c279","INR 1,79,286.00","030794","61-75","Advanced","INR 13,494.00","07:00-22:00","family@trustpay|Family Contact;utility@trustpay|Utility Payment;grocers@trustpay|Demo Grocers"
"SYNTHETIC TEST DATA - NOT A REAL PERSON, ACCOUNT, OR PIN","C280","Meera Sandbox 280","+91 98179 00280","Apex Global Bank","XXXX-XXXX-4879","meerasandbox280@trustpay","https://api.dicebear.com/9.x/initials/svg?seed=trustpay-c280","INR 1,80,223.00","3043","18-30","Moderate","INR 13,567.00","09:00-19:00","clinic@trustpay|City Care Clinic;rent@trustpay|Rental Account;mobile@trustpay|Mobile Recharge"
"SYNTHETIC TEST DATA - NOT A REAL PERSON, ACCOUNT, OR PIN","C281","Arjun Iyer 281","+91 98180 00281","Apex Global Bank","XXXX-XXXX-4880","arjuniyer281@trustpay","https://api.dicebear.com/9.x/initials/svg?seed=trustpay-c281","INR 1,81,160.00","031140","31-45","Basic","INR 13,640.00","08:00-21:00","anand@apexbank|Anand (Son);tneb@trustpay|TNEB Electricity;nilgiris@trustpay|Nilgiris Supermarket"
"SYNTHETIC TEST DATA - NOT A REAL PERSON, ACCOUNT, OR PIN","C282","Anaya Test 282","+91 98181 00282","Apex Global Bank","XXXX-XXXX-4881","anayatest282@trustpay","https://api.dicebear.com/9.x/initials/svg?seed=trustpay-c282","INR 1,82,097.00","3077","46-60","Advanced","INR 13,713.00","07:00-22:00","family@trustpay|Family Contact;utility@trustpay|Utility Payment;grocers@trustpay|Demo Grocers"
"SYNTHETIC TEST DATA - NOT A REAL PERSON, ACCOUNT, OR PIN","C283","Vihaan Prototype 283","+91 98182 00283","Apex Global Bank","XXXX-XXXX-4882","vihaanprototype283@trustpay","https://api.dicebear.com/9.x/initials/svg?seed=trustpay-c283","INR 1,83,034.00","031486","61-75","Moderate","INR 13,786.00","09:00-19:00","clinic@trustpay|City Care Clinic;rent@trustpay|Rental Account;mobile@trustpay|Mobile Recharge"
"SYNTHETIC TEST DATA - NOT A REAL PERSON, ACCOUNT, OR PIN","C284","Isha Fictional 284","+91 98183 00284","Apex Global Bank","XXXX-XXXX-4883","ishafictional284@trustpay","https://api.dicebear.com/9.x/initials/svg?seed=trustpay-c284","INR 1,83,971.00","3111","18-30","Basic","INR 13,859.00","08:00-21:00","anand@apexbank|Anand (Son);tneb@trustpay|TNEB Electricity;nilgiris@trustpay|Nilgiris Supermarket"
"SYNTHETIC TEST DATA - NOT A REAL PERSON, ACCOUNT, OR PIN","C285","Rohan Sample 285","+91 98184 00285","Apex Global Bank","XXXX-XXXX-4884","rohansample285@trustpay","https://api.dicebear.com/9.x/initials/svg?seed=trustpay-c285","INR 1,84,908.00","031832","31-45","Advanced","INR 13,932.00","07:00-22:00","family@trustpay|Family Contact;utility@trustpay|Utility Payment;grocers@trustpay|Demo Grocers"
"SYNTHETIC TEST DATA - NOT A REAL PERSON, ACCOUNT, OR PIN","C286","Kavya Mock 286","+91 98185 00286","Apex Global Bank","XXXX-XXXX-4885","kavyamock286@trustpay","https://api.dicebear.com/9.x/initials/svg?seed=trustpay-c286","INR 1,85,845.00","3145","46-60","Moderate","INR 14,005.00","09:00-19:00","clinic@trustpay|City Care Clinic;rent@trustpay|Rental Account;mobile@trustpay|Mobile Recharge"
"SYNTHETIC TEST DATA - NOT A REAL PERSON, ACCOUNT, OR PIN","C287","Dev Training 287","+91 98186 00287","Apex Global Bank","XXXX-XXXX-4886","devtraining287@trustpay","https://api.dicebear.com/9.x/initials/svg?seed=trustpay-c287","INR 1,86,782.00","032178","61-75","Basic","INR 14,078.00","08:00-21:00","anand@apexbank|Anand (Son);tneb@trustpay|TNEB Electricity;nilgiris@trustpay|Nilgiris Supermarket"
"SYNTHETIC TEST DATA - NOT A REAL PERSON, ACCOUNT, OR PIN","C288","Tara Demo 288","+91 98187 00288","Apex Global Bank","XXXX-XXXX-4887","tarademo288@trustpay","https://api.dicebear.com/9.x/initials/svg?seed=trustpay-c288","INR 1,87,719.00","3179","18-30","Advanced","INR 14,151.00","07:00-22:00","family@trustpay|Family Contact;utility@trustpay|Utility Payment;grocers@trustpay|Demo Grocers"
"SYNTHETIC TEST DATA - NOT A REAL PERSON, ACCOUNT, OR PIN","C289","Ishaan Example 289","+91 98188 00289","Apex Global Bank","XXXX-XXXX-4888","ishaanexample289@trustpay","https://api.dicebear.com/9.x/initials/svg?seed=trustpay-c289","INR 1,88,656.00","032524","31-45","Moderate","INR 14,224.00","09:00-19:00","clinic@trustpay|City Care Clinic;rent@trustpay|Rental Account;mobile@trustpay|Mobile Recharge"
"SYNTHETIC TEST DATA - NOT A REAL PERSON, ACCOUNT, OR PIN","C290","Naina Sandbox 290","+91 98189 00290","Apex Global Bank","XXXX-XXXX-4889","nainasandbox290@trustpay","https://api.dicebear.com/9.x/initials/svg?seed=trustpay-c290","INR 1,89,593.00","3213","46-60","Basic","INR 14,297.00","08:00-21:00","anand@apexbank|Anand (Son);tneb@trustpay|TNEB Electricity;nilgiris@trustpay|Nilgiris Supermarket"
"SYNTHETIC TEST DATA - NOT A REAL PERSON, ACCOUNT, OR PIN","C291","Reyansh Iyer 291","+91 98190 00291","Apex Global Bank","XXXX-XXXX-4890","reyanshiyer291@trustpay","https://api.dicebear.com/9.x/initials/svg?seed=trustpay-c291","INR 1,90,530.00","032870","61-75","Advanced","INR 14,370.00","07:00-22:00","family@trustpay|Family Contact;utility@trustpay|Utility Payment;grocers@trustpay|Demo Grocers"
"SYNTHETIC TEST DATA - NOT A REAL PERSON, ACCOUNT, OR PIN","C292","Aditi Test 292","+91 98191 00292","Apex Global Bank","XXXX-XXXX-4891","adititest292@trustpay","https://api.dicebear.com/9.x/initials/svg?seed=trustpay-c292","INR 1,91,467.00","3247","18-30","Moderate","INR 14,443.00","09:00-19:00","clinic@trustpay|City Care Clinic;rent@trustpay|Rental Account;mobile@trustpay|Mobile Recharge"
"SYNTHETIC TEST DATA - NOT A REAL PERSON, ACCOUNT, OR PIN","C293","Neil Prototype 293","+91 98192 00293","Apex Global Bank","XXXX-XXXX-4892","neilprototype293@trustpay","https://api.dicebear.com/9.x/initials/svg?seed=trustpay-c293","INR 1,92,404.00","033216","31-45","Basic","INR 14,516.00","08:00-21:00","anand@apexbank|Anand (Son);tneb@trustpay|TNEB Electricity;nilgiris@trustpay|Nilgiris Supermarket"
"SYNTHETIC TEST DATA - NOT A REAL PERSON, ACCOUNT, OR PIN","C294","Mira Fictional 294","+91 98193 00294","Apex Global Bank","XXXX-XXXX-4893","mirafictional294@trustpay","https://api.dicebear.com/9.x/initials/svg?seed=trustpay-c294","INR 1,93,341.00","3281","46-60","Advanced","INR 14,589.00","07:00-22:00","family@trustpay|Family Contact;utility@trustpay|Utility Payment;grocers@trustpay|Demo Grocers"
"SYNTHETIC TEST DATA - NOT A REAL PERSON, ACCOUNT, OR PIN","C295","Yash Sample 295","+91 98194 00295","Apex Global Bank","XXXX-XXXX-4894","yashsample295@trustpay","https://api.dicebear.com/9.x/initials/svg?seed=trustpay-c295","INR 1,94,278.00","033562","61-75","Moderate","INR 14,662.00","09:00-19:00","clinic@trustpay|City Care Clinic;rent@trustpay|Rental Account;mobile@trustpay|Mobile Recharge"
"SYNTHETIC TEST DATA - NOT A REAL PERSON, ACCOUNT, OR PIN","C296","Saanvi Mock 296","+91 98195 00296","Apex Global Bank","XXXX-XXXX-4895","saanvimock296@trustpay","https://api.dicebear.com/9.x/initials/svg?seed=trustpay-c296","INR 1,95,215.00","3315","18-30","Basic","INR 14,735.00","08:00-21:00","anand@apexbank|Anand (Son);tneb@trustpay|TNEB Electricity;nilgiris@trustpay|Nilgiris Supermarket"
"SYNTHETIC TEST DATA - NOT A REAL PERSON, ACCOUNT, OR PIN","C297","Advik Training 297","+91 98196 00297","Apex Global Bank","XXXX-XXXX-4896","adviktraining297@trustpay","https://api.dicebear.com/9.x/initials/svg?seed=trustpay-c297","INR 1,96,152.00","033908","31-45","Advanced","INR 14,808.00","07:00-22:00","family@trustpay|Family Contact;utility@trustpay|Utility Payment;grocers@trustpay|Demo Grocers"
"SYNTHETIC TEST DATA - NOT A REAL PERSON, ACCOUNT, OR PIN","C298","Riya Demo 298","+91 98197 00298","Apex Global Bank","XXXX-XXXX-4897","riyademo298@trustpay","https://api.dicebear.com/9.x/initials/svg?seed=trustpay-c298","INR 1,97,089.00","3349","46-60","Moderate","INR 14,881.00","09:00-19:00","clinic@trustpay|City Care Clinic;rent@trustpay|Rental Account;mobile@trustpay|Mobile Recharge"
"SYNTHETIC TEST DATA - NOT A REAL PERSON, ACCOUNT, OR PIN","C299","Karan Example 299","+91 98198 00299","Apex Global Bank","XXXX-XXXX-4898","karanexample299@trustpay","https://api.dicebear.com/9.x/initials/svg?seed=trustpay-c299","INR 1,98,026.00","034254","61-75","Basic","INR 14,954.00","08:00-21:00","anand@apexbank|Anand (Son);tneb@trustpay|TNEB Electricity;nilgiris@trustpay|Nilgiris Supermarket"
"SYNTHETIC TEST DATA - NOT A REAL PERSON, ACCOUNT, OR PIN","C300","Pooja Sandbox 300","+91 98199 00300","Apex Global Bank","XXXX-XXXX-4899","poojasandbox300@trustpay","https://api.dicebear.com/9.x/initials/svg?seed=trustpay-c300","INR 1,98,963.00","3383","18-30","Advanced","INR 15,027.00","07:00-22:00","family@trustpay|Family Contact;utility@trustpay|Utility Payment;grocers@trustpay|Demo Grocers"
"SYNTHETIC TEST DATA - NOT A REAL PERSON, ACCOUNT, OR PIN","C301","Ramaswamy Iyer 301","+91 98200 00301","Apex Global Bank","XXXX-XXXX-4800","ramaswamyiyer301@trustpay","https://api.dicebear.com/9.x/initials/svg?seed=trustpay-c301","INR 1,99,900.00","034600","31-45","Moderate","INR 15,100.00","09:00-19:00","clinic@trustpay|City Care Clinic;rent@trustpay|Rental Account;mobile@trustpay|Mobile Recharge"
"SYNTHETIC TEST DATA - NOT A REAL PERSON, ACCOUNT, OR PIN","C302","Aarav Test 302","+91 98201 00302","Apex Global Bank","XXXX-XXXX-4801","aaravtest302@trustpay","https://api.dicebear.com/9.x/initials/svg?seed=trustpay-c302","INR 2,00,837.00","3417","46-60","Basic","INR 15,173.00","08:00-21:00","anand@apexbank|Anand (Son);tneb@trustpay|TNEB Electricity;nilgiris@trustpay|Nilgiris Supermarket"
"SYNTHETIC TEST DATA - NOT A REAL PERSON, ACCOUNT, OR PIN","C303","Diya Prototype 303","+91 98202 00303","Apex Global Bank","XXXX-XXXX-4802","diyaprototype303@trustpay","https://api.dicebear.com/9.x/initials/svg?seed=trustpay-c303","INR 2,01,774.00","034946","61-75","Advanced","INR 15,246.00","07:00-22:00","family@trustpay|Family Contact;utility@trustpay|Utility Payment;grocers@trustpay|Demo Grocers"
"SYNTHETIC TEST DATA - NOT A REAL PERSON, ACCOUNT, OR PIN","C304","Kabir Fictional 304","+91 98203 00304","Apex Global Bank","XXXX-XXXX-4803","kabirfictional304@trustpay","https://api.dicebear.com/9.x/initials/svg?seed=trustpay-c304","INR 2,02,711.00","3451","18-30","Moderate","INR 15,319.00","09:00-19:00","clinic@trustpay|City Care Clinic;rent@trustpay|Rental Account;mobile@trustpay|Mobile Recharge"
"SYNTHETIC TEST DATA - NOT A REAL PERSON, ACCOUNT, OR PIN","C305","Meera Sample 305","+91 98204 00305","Apex Global Bank","XXXX-XXXX-4804","meerasample305@trustpay","https://api.dicebear.com/9.x/initials/svg?seed=trustpay-c305","INR 2,03,648.00","035292","31-45","Basic","INR 15,392.00","08:00-21:00","anand@apexbank|Anand (Son);tneb@trustpay|TNEB Electricity;nilgiris@trustpay|Nilgiris Supermarket"
"SYNTHETIC TEST DATA - NOT A REAL PERSON, ACCOUNT, OR PIN","C306","Arjun Mock 306","+91 98205 00306","Apex Global Bank","XXXX-XXXX-4805","arjunmock306@trustpay","https://api.dicebear.com/9.x/initials/svg?seed=trustpay-c306","INR 2,04,585.00","3485","46-60","Advanced","INR 15,465.00","07:00-22:00","family@trustpay|Family Contact;utility@trustpay|Utility Payment;grocers@trustpay|Demo Grocers"
"SYNTHETIC TEST DATA - NOT A REAL PERSON, ACCOUNT, OR PIN","C307","Anaya Training 307","+91 98206 00307","Apex Global Bank","XXXX-XXXX-4806","anayatraining307@trustpay","https://api.dicebear.com/9.x/initials/svg?seed=trustpay-c307","INR 2,05,522.00","035638","61-75","Moderate","INR 15,538.00","09:00-19:00","clinic@trustpay|City Care Clinic;rent@trustpay|Rental Account;mobile@trustpay|Mobile Recharge"
"SYNTHETIC TEST DATA - NOT A REAL PERSON, ACCOUNT, OR PIN","C308","Vihaan Demo 308","+91 98207 00308","Apex Global Bank","XXXX-XXXX-4807","vihaandemo308@trustpay","https://api.dicebear.com/9.x/initials/svg?seed=trustpay-c308","INR 2,06,459.00","3519","18-30","Basic","INR 15,611.00","08:00-21:00","anand@apexbank|Anand (Son);tneb@trustpay|TNEB Electricity;nilgiris@trustpay|Nilgiris Supermarket"
"SYNTHETIC TEST DATA - NOT A REAL PERSON, ACCOUNT, OR PIN","C309","Isha Example 309","+91 98208 00309","Apex Global Bank","XXXX-XXXX-4808","ishaexample309@trustpay","https://api.dicebear.com/9.x/initials/svg?seed=trustpay-c309","INR 2,07,396.00","035984","31-45","Advanced","INR 15,684.00","07:00-22:00","family@trustpay|Family Contact;utility@trustpay|Utility Payment;grocers@trustpay|Demo Grocers"
"SYNTHETIC TEST DATA - NOT A REAL PERSON, ACCOUNT, OR PIN","C310","Rohan Sandbox 310","+91 98209 00310","Apex Global Bank","XXXX-XXXX-4809","rohansandbox310@trustpay","https://api.dicebear.com/9.x/initials/svg?seed=trustpay-c310","INR 2,08,333.00","3553","46-60","Moderate","INR 15,757.00","09:00-19:00","clinic@trustpay|City Care Clinic;rent@trustpay|Rental Account;mobile@trustpay|Mobile Recharge"
"SYNTHETIC TEST DATA - NOT A REAL PERSON, ACCOUNT, OR PIN","C311","Kavya Iyer 311","+91 98210 00311","Apex Global Bank","XXXX-XXXX-4810","kavyaiyer311@trustpay","https://api.dicebear.com/9.x/initials/svg?seed=trustpay-c311","INR 2,09,270.00","036330","61-75","Basic","INR 15,830.00","08:00-21:00","anand@apexbank|Anand (Son);tneb@trustpay|TNEB Electricity;nilgiris@trustpay|Nilgiris Supermarket"
"SYNTHETIC TEST DATA - NOT A REAL PERSON, ACCOUNT, OR PIN","C312","Dev Test 312","+91 98211 00312","Apex Global Bank","XXXX-XXXX-4811","devtest312@trustpay","https://api.dicebear.com/9.x/initials/svg?seed=trustpay-c312","INR 2,10,207.00","3587","18-30","Advanced","INR 15,903.00","07:00-22:00","family@trustpay|Family Contact;utility@trustpay|Utility Payment;grocers@trustpay|Demo Grocers"
"SYNTHETIC TEST DATA - NOT A REAL PERSON, ACCOUNT, OR PIN","C313","Tara Prototype 313","+91 98212 00313","Apex Global Bank","XXXX-XXXX-4812","taraprototype313@trustpay","https://api.dicebear.com/9.x/initials/svg?seed=trustpay-c313","INR 2,11,144.00","036676","31-45","Moderate","INR 15,976.00","09:00-19:00","clinic@trustpay|City Care Clinic;rent@trustpay|Rental Account;mobile@trustpay|Mobile Recharge"
"SYNTHETIC TEST DATA - NOT A REAL PERSON, ACCOUNT, OR PIN","C314","Ishaan Fictional 314","+91 98213 00314","Apex Global Bank","XXXX-XXXX-4813","ishaanfictional314@trustpay","https://api.dicebear.com/9.x/initials/svg?seed=trustpay-c314","INR 2,12,081.00","3621","46-60","Basic","INR 16,049.00","08:00-21:00","anand@apexbank|Anand (Son);tneb@trustpay|TNEB Electricity;nilgiris@trustpay|Nilgiris Supermarket"
"SYNTHETIC TEST DATA - NOT A REAL PERSON, ACCOUNT, OR PIN","C315","Naina Sample 315","+91 98214 00315","Apex Global Bank","XXXX-XXXX-4814","nainasample315@trustpay","https://api.dicebear.com/9.x/initials/svg?seed=trustpay-c315","INR 2,13,018.00","037022","61-75","Advanced","INR 16,122.00","07:00-22:00","family@trustpay|Family Contact;utility@trustpay|Utility Payment;grocers@trustpay|Demo Grocers"
"SYNTHETIC TEST DATA - NOT A REAL PERSON, ACCOUNT, OR PIN","C316","Reyansh Mock 316","+91 98215 00316","Apex Global Bank","XXXX-XXXX-4815","reyanshmock316@trustpay","https://api.dicebear.com/9.x/initials/svg?seed=trustpay-c316","INR 2,13,955.00","3655","18-30","Moderate","INR 16,195.00","09:00-19:00","clinic@trustpay|City Care Clinic;rent@trustpay|Rental Account;mobile@trustpay|Mobile Recharge"
"SYNTHETIC TEST DATA - NOT A REAL PERSON, ACCOUNT, OR PIN","C317","Aditi Training 317","+91 98216 00317","Apex Global Bank","XXXX-XXXX-4816","adititraining317@trustpay","https://api.dicebear.com/9.x/initials/svg?seed=trustpay-c317","INR 2,14,892.00","037368","31-45","Basic","INR 16,268.00","08:00-21:00","anand@apexbank|Anand (Son);tneb@trustpay|TNEB Electricity;nilgiris@trustpay|Nilgiris Supermarket"
"SYNTHETIC TEST DATA - NOT A REAL PERSON, ACCOUNT, OR PIN","C318","Neil Demo 318","+91 98217 00318","Apex Global Bank","XXXX-XXXX-4817","neildemo318@trustpay","https://api.dicebear.com/9.x/initials/svg?seed=trustpay-c318","INR 2,15,829.00","3689","46-60","Advanced","INR 16,341.00","07:00-22:00","family@trustpay|Family Contact;utility@trustpay|Utility Payment;grocers@trustpay|Demo Grocers"
"SYNTHETIC TEST DATA - NOT A REAL PERSON, ACCOUNT, OR PIN","C319","Mira Example 319","+91 98218 00319","Apex Global Bank","XXXX-XXXX-4818","miraexample319@trustpay","https://api.dicebear.com/9.x/initials/svg?seed=trustpay-c319","INR 2,16,766.00","037714","61-75","Moderate","INR 16,414.00","09:00-19:00","clinic@trustpay|City Care Clinic;rent@trustpay|Rental Account;mobile@trustpay|Mobile Recharge"
"SYNTHETIC TEST DATA - NOT A REAL PERSON, ACCOUNT, OR PIN","C320","Yash Sandbox 320","+91 98219 00320","Apex Global Bank","XXXX-XXXX-4819","yashsandbox320@trustpay","https://api.dicebear.com/9.x/initials/svg?seed=trustpay-c320","INR 2,17,703.00","3723","18-30","Basic","INR 16,487.00","08:00-21:00","anand@apexbank|Anand (Son);tneb@trustpay|TNEB Electricity;nilgiris@trustpay|Nilgiris Supermarket"
"SYNTHETIC TEST DATA - NOT A REAL PERSON, ACCOUNT, OR PIN","C321","Saanvi Iyer 321","+91 98220 00321","Apex Global Bank","XXXX-XXXX-4820","saanviiyer321@trustpay","https://api.dicebear.com/9.x/initials/svg?seed=trustpay-c321","INR 2,18,640.00","038060","31-45","Advanced","INR 16,560.00","07:00-22:00","family@trustpay|Family Contact;utility@trustpay|Utility Payment;grocers@trustpay|Demo Grocers"
"SYNTHETIC TEST DATA - NOT A REAL PERSON, ACCOUNT, OR PIN","C322","Advik Test 322","+91 98221 00322","Apex Global Bank","XXXX-XXXX-4821","adviktest322@trustpay","https://api.dicebear.com/9.x/initials/svg?seed=trustpay-c322","INR 2,19,577.00","3757","46-60","Moderate","INR 16,633.00","09:00-19:00","clinic@trustpay|City Care Clinic;rent@trustpay|Rental Account;mobile@trustpay|Mobile Recharge"
"SYNTHETIC TEST DATA - NOT A REAL PERSON, ACCOUNT, OR PIN","C323","Riya Prototype 323","+91 98222 00323","Apex Global Bank","XXXX-XXXX-4822","riyaprototype323@trustpay","https://api.dicebear.com/9.x/initials/svg?seed=trustpay-c323","INR 2,20,514.00","038406","61-75","Basic","INR 16,706.00","08:00-21:00","anand@apexbank|Anand (Son);tneb@trustpay|TNEB Electricity;nilgiris@trustpay|Nilgiris Supermarket"
"SYNTHETIC TEST DATA - NOT A REAL PERSON, ACCOUNT, OR PIN","C324","Karan Fictional 324","+91 98223 00324","Apex Global Bank","XXXX-XXXX-4823","karanfictional324@trustpay","https://api.dicebear.com/9.x/initials/svg?seed=trustpay-c324","INR 2,21,451.00","3791","18-30","Advanced","INR 16,779.00","07:00-22:00","family@trustpay|Family Contact;utility@trustpay|Utility Payment;grocers@trustpay|Demo Grocers"
"SYNTHETIC TEST DATA - NOT A REAL PERSON, ACCOUNT, OR PIN","C325","Pooja Sample 325","+91 98224 00325","Apex Global Bank","XXXX-XXXX-4824","poojasample325@trustpay","https://api.dicebear.com/9.x/initials/svg?seed=trustpay-c325","INR 2,22,388.00","038752","31-45","Moderate","INR 16,852.00","09:00-19:00","clinic@trustpay|City Care Clinic;rent@trustpay|Rental Account;mobile@trustpay|Mobile Recharge"
"SYNTHETIC TEST DATA - NOT A REAL PERSON, ACCOUNT, OR PIN","C326","Ramaswamy Mock 326","+91 98225 00326","Apex Global Bank","XXXX-XXXX-4825","ramaswamymock326@trustpay","https://api.dicebear.com/9.x/initials/svg?seed=trustpay-c326","INR 2,23,325.00","3825","46-60","Basic","INR 16,925.00","08:00-21:00","anand@apexbank|Anand (Son);tneb@trustpay|TNEB Electricity;nilgiris@trustpay|Nilgiris Supermarket"
"SYNTHETIC TEST DATA - NOT A REAL PERSON, ACCOUNT, OR PIN","C327","Aarav Training 327","+91 98226 00327","Apex Global Bank","XXXX-XXXX-4826","aaravtraining327@trustpay","https://api.dicebear.com/9.x/initials/svg?seed=trustpay-c327","INR 2,24,262.00","039098","61-75","Advanced","INR 16,998.00","07:00-22:00","family@trustpay|Family Contact;utility@trustpay|Utility Payment;grocers@trustpay|Demo Grocers"
"SYNTHETIC TEST DATA - NOT A REAL PERSON, ACCOUNT, OR PIN","C328","Diya Demo 328","+91 98227 00328","Apex Global Bank","XXXX-XXXX-4827","diyademo328@trustpay","https://api.dicebear.com/9.x/initials/svg?seed=trustpay-c328","INR 2,25,199.00","3859","18-30","Moderate","INR 17,071.00","09:00-19:00","clinic@trustpay|City Care Clinic;rent@trustpay|Rental Account;mobile@trustpay|Mobile Recharge"
"SYNTHETIC TEST DATA - NOT A REAL PERSON, ACCOUNT, OR PIN","C329","Kabir Example 329","+91 98228 00329","Apex Global Bank","XXXX-XXXX-4828","kabirexample329@trustpay","https://api.dicebear.com/9.x/initials/svg?seed=trustpay-c329","INR 2,26,136.00","039444","31-45","Basic","INR 17,144.00","08:00-21:00","anand@apexbank|Anand (Son);tneb@trustpay|TNEB Electricity;nilgiris@trustpay|Nilgiris Supermarket"
"SYNTHETIC TEST DATA - NOT A REAL PERSON, ACCOUNT, OR PIN","C330","Meera Sandbox 330","+91 98229 00330","Apex Global Bank","XXXX-XXXX-4829","meerasandbox330@trustpay","https://api.dicebear.com/9.x/initials/svg?seed=trustpay-c330","INR 2,27,073.00","3893","46-60","Advanced","INR 17,217.00","07:00-22:00","family@trustpay|Family Contact;utility@trustpay|Utility Payment;grocers@trustpay|Demo Grocers"
"SYNTHETIC TEST DATA - NOT A REAL PERSON, ACCOUNT, OR PIN","C331","Arjun Iyer 331","+91 98230 00331","Apex Global Bank","XXXX-XXXX-4830","arjuniyer331@trustpay","https://api.dicebear.com/9.x/initials/svg?seed=trustpay-c331","INR 2,28,010.00","039790","61-75","Moderate","INR 17,290.00","09:00-19:00","clinic@trustpay|City Care Clinic;rent@trustpay|Rental Account;mobile@trustpay|Mobile Recharge"
"SYNTHETIC TEST DATA - NOT A REAL PERSON, ACCOUNT, OR PIN","C332","Anaya Test 332","+91 98231 00332","Apex Global Bank","XXXX-XXXX-4831","anayatest332@trustpay","https://api.dicebear.com/9.x/initials/svg?seed=trustpay-c332","INR 2,28,947.00","3927","18-30","Basic","INR 17,363.00","08:00-21:00","anand@apexbank|Anand (Son);tneb@trustpay|TNEB Electricity;nilgiris@trustpay|Nilgiris Supermarket"
"SYNTHETIC TEST DATA - NOT A REAL PERSON, ACCOUNT, OR PIN","C333","Vihaan Prototype 333","+91 98232 00333","Apex Global Bank","XXXX-XXXX-4832","vihaanprototype333@trustpay","https://api.dicebear.com/9.x/initials/svg?seed=trustpay-c333","INR 2,29,884.00","040136","31-45","Advanced","INR 17,436.00","07:00-22:00","family@trustpay|Family Contact;utility@trustpay|Utility Payment;grocers@trustpay|Demo Grocers"
"SYNTHETIC TEST DATA - NOT A REAL PERSON, ACCOUNT, OR PIN","C334","Isha Fictional 334","+91 98233 00334","Apex Global Bank","XXXX-XXXX-4833","ishafictional334@trustpay","https://api.dicebear.com/9.x/initials/svg?seed=trustpay-c334","INR 2,30,821.00","3961","46-60","Moderate","INR 17,509.00","09:00-19:00","clinic@trustpay|City Care Clinic;rent@trustpay|Rental Account;mobile@trustpay|Mobile Recharge"
"SYNTHETIC TEST DATA - NOT A REAL PERSON, ACCOUNT, OR PIN","C335","Rohan Sample 335","+91 98234 00335","Apex Global Bank","XXXX-XXXX-4834","rohansample335@trustpay","https://api.dicebear.com/9.x/initials/svg?seed=trustpay-c335","INR 2,31,758.00","040482","61-75","Basic","INR 17,582.00","08:00-21:00","anand@apexbank|Anand (Son);tneb@trustpay|TNEB Electricity;nilgiris@trustpay|Nilgiris Supermarket"
"SYNTHETIC TEST DATA - NOT A REAL PERSON, ACCOUNT, OR PIN","C336","Kavya Mock 336","+91 98235 00336","Apex Global Bank","XXXX-XXXX-4835","kavyamock336@trustpay","https://api.dicebear.com/9.x/initials/svg?seed=trustpay-c336","INR 2,32,695.00","3995","18-30","Advanced","INR 17,655.00","07:00-22:00","family@trustpay|Family Contact;utility@trustpay|Utility Payment;grocers@trustpay|Demo Grocers"
"SYNTHETIC TEST DATA - NOT A REAL PERSON, ACCOUNT, OR PIN","C337","Dev Training 337","+91 98236 00337","Apex Global Bank","XXXX-XXXX-4836","devtraining337@trustpay","https://api.dicebear.com/9.x/initials/svg?seed=trustpay-c337","INR 2,33,632.00","040828","31-45","Moderate","INR 17,728.00","09:00-19:00","clinic@trustpay|City Care Clinic;rent@trustpay|Rental Account;mobile@trustpay|Mobile Recharge"
"SYNTHETIC TEST DATA - NOT A REAL PERSON, ACCOUNT, OR PIN","C338","Tara Demo 338","+91 98237 00338","Apex Global Bank","XXXX-XXXX-4837","tarademo338@trustpay","https://api.dicebear.com/9.x/initials/svg?seed=trustpay-c338","INR 2,34,569.00","4029","46-60","Basic","INR 17,801.00","08:00-21:00","anand@apexbank|Anand (Son);tneb@trustpay|TNEB Electricity;nilgiris@trustpay|Nilgiris Supermarket"
"SYNTHETIC TEST DATA - NOT A REAL PERSON, ACCOUNT, OR PIN","C339","Ishaan Example 339","+91 98238 00339","Apex Global Bank","XXXX-XXXX-4838","ishaanexample339@trustpay","https://api.dicebear.com/9.x/initials/svg?seed=trustpay-c339","INR 2,35,506.00","041174","61-75","Advanced","INR 17,874.00","07:00-22:00","family@trustpay|Family Contact;utility@trustpay|Utility Payment;grocers@trustpay|Demo Grocers"
"SYNTHETIC TEST DATA - NOT A REAL PERSON, ACCOUNT, OR PIN","C340","Naina Sandbox 340","+91 98239 00340","Apex Global Bank","XXXX-XXXX-4839","nainasandbox340@trustpay","https://api.dicebear.com/9.x/initials/svg?seed=trustpay-c340","INR 2,36,443.00","4063","18-30","Moderate","INR 17,947.00","09:00-19:00","clinic@trustpay|City Care Clinic;rent@trustpay|Rental Account;mobile@trustpay|Mobile Recharge"
"SYNTHETIC TEST DATA - NOT A REAL PERSON, ACCOUNT, OR PIN","C341","Reyansh Iyer 341","+91 98240 00341","Apex Global Bank","XXXX-XXXX-4840","reyanshiyer341@trustpay","https://api.dicebear.com/9.x/initials/svg?seed=trustpay-c341","INR 2,37,380.00","041520","31-45","Basic","INR 18,020.00","08:00-21:00","anand@apexbank|Anand (Son);tneb@trustpay|TNEB Electricity;nilgiris@trustpay|Nilgiris Supermarket"
"SYNTHETIC TEST DATA - NOT A REAL PERSON, ACCOUNT, OR PIN","C342","Aditi Test 342","+91 98241 00342","Apex Global Bank","XXXX-XXXX-4841","adititest342@trustpay","https://api.dicebear.com/9.x/initials/svg?seed=trustpay-c342","INR 2,38,317.00","4097","46-60","Advanced","INR 18,093.00","07:00-22:00","family@trustpay|Family Contact;utility@trustpay|Utility Payment;grocers@trustpay|Demo Grocers"
"SYNTHETIC TEST DATA - NOT A REAL PERSON, ACCOUNT, OR PIN","C343","Neil Prototype 343","+91 98242 00343","Apex Global Bank","XXXX-XXXX-4842","neilprototype343@trustpay","https://api.dicebear.com/9.x/initials/svg?seed=trustpay-c343","INR 2,39,254.00","041866","61-75","Moderate","INR 18,166.00","09:00-19:00","clinic@trustpay|City Care Clinic;rent@trustpay|Rental Account;mobile@trustpay|Mobile Recharge"
"SYNTHETIC TEST DATA - NOT A REAL PERSON, ACCOUNT, OR PIN","C344","Mira Fictional 344","+91 98243 00344","Apex Global Bank","XXXX-XXXX-4843","mirafictional344@trustpay","https://api.dicebear.com/9.x/initials/svg?seed=trustpay-c344","INR 2,40,191.00","4131","18-30","Basic","INR 18,239.00","08:00-21:00","anand@apexbank|Anand (Son);tneb@trustpay|TNEB Electricity;nilgiris@trustpay|Nilgiris Supermarket"
"SYNTHETIC TEST DATA - NOT A REAL PERSON, ACCOUNT, OR PIN","C345","Yash Sample 345","+91 98244 00345","Apex Global Bank","XXXX-XXXX-4844","yashsample345@trustpay","https://api.dicebear.com/9.x/initials/svg?seed=trustpay-c345","INR 2,41,128.00","042212","31-45","Advanced","INR 18,312.00","07:00-22:00","family@trustpay|Family Contact;utility@trustpay|Utility Payment;grocers@trustpay|Demo Grocers"
"SYNTHETIC TEST DATA - NOT A REAL PERSON, ACCOUNT, OR PIN","C346","Saanvi Mock 346","+91 98245 00346","Apex Global Bank","XXXX-XXXX-4845","saanvimock346@trustpay","https://api.dicebear.com/9.x/initials/svg?seed=trustpay-c346","INR 2,42,065.00","4165","46-60","Moderate","INR 18,385.00","09:00-19:00","clinic@trustpay|City Care Clinic;rent@trustpay|Rental Account;mobile@trustpay|Mobile Recharge"
"SYNTHETIC TEST DATA - NOT A REAL PERSON, ACCOUNT, OR PIN","C347","Advik Training 347","+91 98246 00347","Apex Global Bank","XXXX-XXXX-4846","adviktraining347@trustpay","https://api.dicebear.com/9.x/initials/svg?seed=trustpay-c347","INR 2,43,002.00","042558","61-75","Basic","INR 18,458.00","08:00-21:00","anand@apexbank|Anand (Son);tneb@trustpay|TNEB Electricity;nilgiris@trustpay|Nilgiris Supermarket"
"SYNTHETIC TEST DATA - NOT A REAL PERSON, ACCOUNT, OR PIN","C348","Riya Demo 348","+91 98247 00348","Apex Global Bank","XXXX-XXXX-4847","riyademo348@trustpay","https://api.dicebear.com/9.x/initials/svg?seed=trustpay-c348","INR 2,43,939.00","4199","18-30","Advanced","INR 531.00","07:00-22:00","family@trustpay|Family Contact;utility@trustpay|Utility Payment;grocers@trustpay|Demo Grocers"
"SYNTHETIC TEST DATA - NOT A REAL PERSON, ACCOUNT, OR PIN","C349","Karan Example 349","+91 98248 00349","Apex Global Bank","XXXX-XXXX-4848","karanexample349@trustpay","https://api.dicebear.com/9.x/initials/svg?seed=trustpay-c349","INR 2,44,876.00","042904","31-45","Moderate","INR 604.00","09:00-19:00","clinic@trustpay|City Care Clinic;rent@trustpay|Rental Account;mobile@trustpay|Mobile Recharge"
"SYNTHETIC TEST DATA - NOT A REAL PERSON, ACCOUNT, OR PIN","C350","Pooja Sandbox 350","+91 98249 00350","Apex Global Bank","XXXX-XXXX-4849","poojasandbox350@trustpay","https://api.dicebear.com/9.x/initials/svg?seed=trustpay-c350","INR 2,45,813.00","4233","46-60","Basic","INR 677.00","08:00-21:00","anand@apexbank|Anand (Son);tneb@trustpay|TNEB Electricity;nilgiris@trustpay|Nilgiris Supermarket"
"SYNTHETIC TEST DATA - NOT A REAL PERSON, ACCOUNT, OR PIN","C351","Ramaswamy Iyer 351","+91 98250 00351","Apex Global Bank","XXXX-XXXX-4850","ramaswamyiyer351@trustpay","https://api.dicebear.com/9.x/initials/svg?seed=trustpay-c351","INR 2,46,750.00","043250","61-75","Advanced","INR 750.00","07:00-22:00","family@trustpay|Family Contact;utility@trustpay|Utility Payment;grocers@trustpay|Demo Grocers"
"SYNTHETIC TEST DATA - NOT A REAL PERSON, ACCOUNT, OR PIN","C352","Aarav Test 352","+91 98251 00352","Apex Global Bank","XXXX-XXXX-4851","aaravtest352@trustpay","https://api.dicebear.com/9.x/initials/svg?seed=trustpay-c352","INR 2,47,687.00","4267","18-30","Moderate","INR 823.00","09:00-19:00","clinic@trustpay|City Care Clinic;rent@trustpay|Rental Account;mobile@trustpay|Mobile Recharge"
"SYNTHETIC TEST DATA - NOT A REAL PERSON, ACCOUNT, OR PIN","C353","Diya Prototype 353","+91 98252 00353","Apex Global Bank","XXXX-XXXX-4852","diyaprototype353@trustpay","https://api.dicebear.com/9.x/initials/svg?seed=trustpay-c353","INR 2,48,624.00","043596","31-45","Basic","INR 896.00","08:00-21:00","anand@apexbank|Anand (Son);tneb@trustpay|TNEB Electricity;nilgiris@trustpay|Nilgiris Supermarket"
"SYNTHETIC TEST DATA - NOT A REAL PERSON, ACCOUNT, OR PIN","C354","Kabir Fictional 354","+91 98253 00354","Apex Global Bank","XXXX-XXXX-4853","kabirfictional354@trustpay","https://api.dicebear.com/9.x/initials/svg?seed=trustpay-c354","INR 2,49,561.00","4301","46-60","Advanced","INR 969.00","07:00-22:00","family@trustpay|Family Contact;utility@trustpay|Utility Payment;grocers@trustpay|Demo Grocers"
"SYNTHETIC TEST DATA - NOT A REAL PERSON, ACCOUNT, OR PIN","C355","Meera Sample 355","+91 98254 00355","Apex Global Bank","XXXX-XXXX-4854","meerasample355@trustpay","https://api.dicebear.com/9.x/initials/svg?seed=trustpay-c355","INR 2,50,498.00","043942","61-75","Moderate","INR 1,042.00","09:00-19:00","clinic@trustpay|City Care Clinic;rent@trustpay|Rental Account;mobile@trustpay|Mobile Recharge"
"SYNTHETIC TEST DATA - NOT A REAL PERSON, ACCOUNT, OR PIN","C356","Arjun Mock 356","+91 98255 00356","Apex Global Bank","XXXX-XXXX-4855","arjunmock356@trustpay","https://api.dicebear.com/9.x/initials/svg?seed=trustpay-c356","INR 2,51,435.00","4335","18-30","Basic","INR 1,115.00","08:00-21:00","anand@apexbank|Anand (Son);tneb@trustpay|TNEB Electricity;nilgiris@trustpay|Nilgiris Supermarket"
"SYNTHETIC TEST DATA - NOT A REAL PERSON, ACCOUNT, OR PIN","C357","Anaya Training 357","+91 98256 00357","Apex Global Bank","XXXX-XXXX-4856","anayatraining357@trustpay","https://api.dicebear.com/9.x/initials/svg?seed=trustpay-c357","INR 2,52,372.00","044288","31-45","Advanced","INR 1,188.00","07:00-22:00","family@trustpay|Family Contact;utility@trustpay|Utility Payment;grocers@trustpay|Demo Grocers"
"SYNTHETIC TEST DATA - NOT A REAL PERSON, ACCOUNT, OR PIN","C358","Vihaan Demo 358","+91 98257 00358","Apex Global Bank","XXXX-XXXX-4857","vihaandemo358@trustpay","https://api.dicebear.com/9.x/initials/svg?seed=trustpay-c358","INR 2,53,309.00","4369","46-60","Moderate","INR 1,261.00","09:00-19:00","clinic@trustpay|City Care Clinic;rent@trustpay|Rental Account;mobile@trustpay|Mobile Recharge"
"SYNTHETIC TEST DATA - NOT A REAL PERSON, ACCOUNT, OR PIN","C359","Isha Example 359","+91 98258 00359","Apex Global Bank","XXXX-XXXX-4858","ishaexample359@trustpay","https://api.dicebear.com/9.x/initials/svg?seed=trustpay-c359","INR 2,54,246.00","044634","61-75","Basic","INR 1,334.00","08:00-21:00","anand@apexbank|Anand (Son);tneb@trustpay|TNEB Electricity;nilgiris@trustpay|Nilgiris Supermarket"
"SYNTHETIC TEST DATA - NOT A REAL PERSON, ACCOUNT, OR PIN","C360","Rohan Sandbox 360","+91 98259 00360","Apex Global Bank","XXXX-XXXX-4859","rohansandbox360@trustpay","https://api.dicebear.com/9.x/initials/svg?seed=trustpay-c360","INR 2,55,183.00","4403","18-30","Advanced","INR 1,407.00","07:00-22:00","family@trustpay|Family Contact;utility@trustpay|Utility Payment;grocers@trustpay|Demo Grocers"
"SYNTHETIC TEST DATA - NOT A REAL PERSON, ACCOUNT, OR PIN","C361","Kavya Iyer 361","+91 98260 00361","Apex Global Bank","XXXX-XXXX-4860","kavyaiyer361@trustpay","https://api.dicebear.com/9.x/initials/svg?seed=trustpay-c361","INR 2,56,120.00","044980","31-45","Moderate","INR 1,480.00","09:00-19:00","clinic@trustpay|City Care Clinic;rent@trustpay|Rental Account;mobile@trustpay|Mobile Recharge"
"SYNTHETIC TEST DATA - NOT A REAL PERSON, ACCOUNT, OR PIN","C362","Dev Test 362","+91 98261 00362","Apex Global Bank","XXXX-XXXX-4861","devtest362@trustpay","https://api.dicebear.com/9.x/initials/svg?seed=trustpay-c362","INR 2,57,057.00","4437","46-60","Basic","INR 1,553.00","08:00-21:00","anand@apexbank|Anand (Son);tneb@trustpay|TNEB Electricity;nilgiris@trustpay|Nilgiris Supermarket"
"SYNTHETIC TEST DATA - NOT A REAL PERSON, ACCOUNT, OR PIN","C363","Tara Prototype 363","+91 98262 00363","Apex Global Bank","XXXX-XXXX-4862","taraprototype363@trustpay","https://api.dicebear.com/9.x/initials/svg?seed=trustpay-c363","INR 2,57,994.00","045326","61-75","Advanced","INR 1,626.00","07:00-22:00","family@trustpay|Family Contact;utility@trustpay|Utility Payment;grocers@trustpay|Demo Grocers"
"SYNTHETIC TEST DATA - NOT A REAL PERSON, ACCOUNT, OR PIN","C364","Ishaan Fictional 364","+91 98263 00364","Apex Global Bank","XXXX-XXXX-4863","ishaanfictional364@trustpay","https://api.dicebear.com/9.x/initials/svg?seed=trustpay-c364","INR 2,58,931.00","4471","18-30","Moderate","INR 1,699.00","09:00-19:00","clinic@trustpay|City Care Clinic;rent@trustpay|Rental Account;mobile@trustpay|Mobile Recharge"
"SYNTHETIC TEST DATA - NOT A REAL PERSON, ACCOUNT, OR PIN","C365","Naina Sample 365","+91 98264 00365","Apex Global Bank","XXXX-XXXX-4864","nainasample365@trustpay","https://api.dicebear.com/9.x/initials/svg?seed=trustpay-c365","INR 2,59,868.00","045672","31-45","Basic","INR 1,772.00","08:00-21:00","anand@apexbank|Anand (Son);tneb@trustpay|TNEB Electricity;nilgiris@trustpay|Nilgiris Supermarket"
"SYNTHETIC TEST DATA - NOT A REAL PERSON, ACCOUNT, OR PIN","C366","Reyansh Mock 366","+91 98265 00366","Apex Global Bank","XXXX-XXXX-4865","reyanshmock366@trustpay","https://api.dicebear.com/9.x/initials/svg?seed=trustpay-c366","INR 2,60,805.00","4505","46-60","Advanced","INR 1,845.00","07:00-22:00","family@trustpay|Family Contact;utility@trustpay|Utility Payment;grocers@trustpay|Demo Grocers"
"SYNTHETIC TEST DATA - NOT A REAL PERSON, ACCOUNT, OR PIN","C367","Aditi Training 367","+91 98266 00367","Apex Global Bank","XXXX-XXXX-4866","adititraining367@trustpay","https://api.dicebear.com/9.x/initials/svg?seed=trustpay-c367","INR 2,61,742.00","046018","61-75","Moderate","INR 1,918.00","09:00-19:00","clinic@trustpay|City Care Clinic;rent@trustpay|Rental Account;mobile@trustpay|Mobile Recharge"
"SYNTHETIC TEST DATA - NOT A REAL PERSON, ACCOUNT, OR PIN","C368","Neil Demo 368","+91 98267 00368","Apex Global Bank","XXXX-XXXX-4867","neildemo368@trustpay","https://api.dicebear.com/9.x/initials/svg?seed=trustpay-c368","INR 2,62,679.00","4539","18-30","Basic","INR 1,991.00","08:00-21:00","anand@apexbank|Anand (Son);tneb@trustpay|TNEB Electricity;nilgiris@trustpay|Nilgiris Supermarket"
"SYNTHETIC TEST DATA - NOT A REAL PERSON, ACCOUNT, OR PIN","C369","Mira Example 369","+91 98268 00369","Apex Global Bank","XXXX-XXXX-4868","miraexample369@trustpay","https://api.dicebear.com/9.x/initials/svg?seed=trustpay-c369","INR 2,63,616.00","046364","31-45","Advanced","INR 2,064.00","07:00-22:00","family@trustpay|Family Contact;utility@trustpay|Utility Payment;grocers@trustpay|Demo Grocers"
"SYNTHETIC TEST DATA - NOT A REAL PERSON, ACCOUNT, OR PIN","C370","Yash Sandbox 370","+91 98269 00370","Apex Global Bank","XXXX-XXXX-4869","yashsandbox370@trustpay","https://api.dicebear.com/9.x/initials/svg?seed=trustpay-c370","INR 2,64,553.00","4573","46-60","Moderate","INR 2,137.00","09:00-19:00","clinic@trustpay|City Care Clinic;rent@trustpay|Rental Account;mobile@trustpay|Mobile Recharge"
"SYNTHETIC TEST DATA - NOT A REAL PERSON, ACCOUNT, OR PIN","C371","Saanvi Iyer 371","+91 98270 00371","Apex Global Bank","XXXX-XXXX-4870","saanviiyer371@trustpay","https://api.dicebear.com/9.x/initials/svg?seed=trustpay-c371","INR 2,65,490.00","046710","61-75","Basic","INR 2,210.00","08:00-21:00","anand@apexbank|Anand (Son);tneb@trustpay|TNEB Electricity;nilgiris@trustpay|Nilgiris Supermarket"
"SYNTHETIC TEST DATA - NOT A REAL PERSON, ACCOUNT, OR PIN","C372","Advik Test 372","+91 98271 00372","Apex Global Bank","XXXX-XXXX-4871","adviktest372@trustpay","https://api.dicebear.com/9.x/initials/svg?seed=trustpay-c372","INR 2,66,427.00","4607","18-30","Advanced","INR 2,283.00","07:00-22:00","family@trustpay|Family Contact;utility@trustpay|Utility Payment;grocers@trustpay|Demo Grocers"
"SYNTHETIC TEST DATA - NOT A REAL PERSON, ACCOUNT, OR PIN","C373","Riya Prototype 373","+91 98272 00373","Apex Global Bank","XXXX-XXXX-4872","riyaprototype373@trustpay","https://api.dicebear.com/9.x/initials/svg?seed=trustpay-c373","INR 2,67,364.00","047056","31-45","Moderate","INR 2,356.00","09:00-19:00","clinic@trustpay|City Care Clinic;rent@trustpay|Rental Account;mobile@trustpay|Mobile Recharge"
"SYNTHETIC TEST DATA - NOT A REAL PERSON, ACCOUNT, OR PIN","C374","Karan Fictional 374","+91 98273 00374","Apex Global Bank","XXXX-XXXX-4873","karanfictional374@trustpay","https://api.dicebear.com/9.x/initials/svg?seed=trustpay-c374","INR 2,68,301.00","4641","46-60","Basic","INR 2,429.00","08:00-21:00","anand@apexbank|Anand (Son);tneb@trustpay|TNEB Electricity;nilgiris@trustpay|Nilgiris Supermarket"
"SYNTHETIC TEST DATA - NOT A REAL PERSON, ACCOUNT, OR PIN","C375","Pooja Sample 375","+91 98274 00375","Apex Global Bank","XXXX-XXXX-4874","poojasample375@trustpay","https://api.dicebear.com/9.x/initials/svg?seed=trustpay-c375","INR 2,69,238.00","047402","61-75","Advanced","INR 2,502.00","07:00-22:00","family@trustpay|Family Contact;utility@trustpay|Utility Payment;grocers@trustpay|Demo Grocers"
"SYNTHETIC TEST DATA - NOT A REAL PERSON, ACCOUNT, OR PIN","C376","Ramaswamy Mock 376","+91 98275 00376","Apex Global Bank","XXXX-XXXX-4875","ramaswamymock376@trustpay","https://api.dicebear.com/9.x/initials/svg?seed=trustpay-c376","INR 2,70,175.00","4675","18-30","Moderate","INR 2,575.00","09:00-19:00","clinic@trustpay|City Care Clinic;rent@trustpay|Rental Account;mobile@trustpay|Mobile Recharge"
"SYNTHETIC TEST DATA - NOT A REAL PERSON, ACCOUNT, OR PIN","C377","Aarav Training 377","+91 98276 00377","Apex Global Bank","XXXX-XXXX-4876","aaravtraining377@trustpay","https://api.dicebear.com/9.x/initials/svg?seed=trustpay-c377","INR 2,71,112.00","047748","31-45","Basic","INR 2,648.00","08:00-21:00","anand@apexbank|Anand (Son);tneb@trustpay|TNEB Electricity;nilgiris@trustpay|Nilgiris Supermarket"
"SYNTHETIC TEST DATA - NOT A REAL PERSON, ACCOUNT, OR PIN","C378","Diya Demo 378","+91 98277 00378","Apex Global Bank","XXXX-XXXX-4877","diyademo378@trustpay","https://api.dicebear.com/9.x/initials/svg?seed=trustpay-c378","INR 2,72,049.00","4709","46-60","Advanced","INR 2,721.00","07:00-22:00","family@trustpay|Family Contact;utility@trustpay|Utility Payment;grocers@trustpay|Demo Grocers"
"SYNTHETIC TEST DATA - NOT A REAL PERSON, ACCOUNT, OR PIN","C379","Kabir Example 379","+91 98278 00379","Apex Global Bank","XXXX-XXXX-4878","kabirexample379@trustpay","https://api.dicebear.com/9.x/initials/svg?seed=trustpay-c379","INR 2,72,986.00","048094","61-75","Moderate","INR 2,794.00","09:00-19:00","clinic@trustpay|City Care Clinic;rent@trustpay|Rental Account;mobile@trustpay|Mobile Recharge"
"SYNTHETIC TEST DATA - NOT A REAL PERSON, ACCOUNT, OR PIN","C380","Meera Sandbox 380","+91 98279 00380","Apex Global Bank","XXXX-XXXX-4879","meerasandbox380@trustpay","https://api.dicebear.com/9.x/initials/svg?seed=trustpay-c380","INR 2,73,923.00","4743","18-30","Basic","INR 2,867.00","08:00-21:00","anand@apexbank|Anand (Son);tneb@trustpay|TNEB Electricity;nilgiris@trustpay|Nilgiris Supermarket"
"SYNTHETIC TEST DATA - NOT A REAL PERSON, ACCOUNT, OR PIN","C381","Arjun Iyer 381","+91 98280 00381","Apex Global Bank","XXXX-XXXX-4880","arjuniyer381@trustpay","https://api.dicebear.com/9.x/initials/svg?seed=trustpay-c381","INR 2,74,860.00","048440","31-45","Advanced","INR 2,940.00","07:00-22:00","family@trustpay|Family Contact;utility@trustpay|Utility Payment;grocers@trustpay|Demo Grocers"
"SYNTHETIC TEST DATA - NOT A REAL PERSON, ACCOUNT, OR PIN","C382","Anaya Test 382","+91 98281 00382","Apex Global Bank","XXXX-XXXX-4881","anayatest382@trustpay","https://api.dicebear.com/9.x/initials/svg?seed=trustpay-c382","INR 2,75,797.00","4777","46-60","Moderate","INR 3,013.00","09:00-19:00","clinic@trustpay|City Care Clinic;rent@trustpay|Rental Account;mobile@trustpay|Mobile Recharge"
"SYNTHETIC TEST DATA - NOT A REAL PERSON, ACCOUNT, OR PIN","C383","Vihaan Prototype 383","+91 98282 00383","Apex Global Bank","XXXX-XXXX-4882","vihaanprototype383@trustpay","https://api.dicebear.com/9.x/initials/svg?seed=trustpay-c383","INR 2,76,734.00","048786","61-75","Basic","INR 3,086.00","08:00-21:00","anand@apexbank|Anand (Son);tneb@trustpay|TNEB Electricity;nilgiris@trustpay|Nilgiris Supermarket"
"SYNTHETIC TEST DATA - NOT A REAL PERSON, ACCOUNT, OR PIN","C384","Isha Fictional 384","+91 98283 00384","Apex Global Bank","XXXX-XXXX-4883","ishafictional384@trustpay","https://api.dicebear.com/9.x/initials/svg?seed=trustpay-c384","INR 2,77,671.00","4811","18-30","Advanced","INR 3,159.00","07:00-22:00","family@trustpay|Family Contact;utility@trustpay|Utility Payment;grocers@trustpay|Demo Grocers"
"SYNTHETIC TEST DATA - NOT A REAL PERSON, ACCOUNT, OR PIN","C385","Rohan Sample 385","+91 98284 00385","Apex Global Bank","XXXX-XXXX-4884","rohansample385@trustpay","https://api.dicebear.com/9.x/initials/svg?seed=trustpay-c385","INR 2,78,608.00","049132","31-45","Moderate","INR 3,232.00","09:00-19:00","clinic@trustpay|City Care Clinic;rent@trustpay|Rental Account;mobile@trustpay|Mobile Recharge"
"SYNTHETIC TEST DATA - NOT A REAL PERSON, ACCOUNT, OR PIN","C386","Kavya Mock 386","+91 98285 00386","Apex Global Bank","XXXX-XXXX-4885","kavyamock386@trustpay","https://api.dicebear.com/9.x/initials/svg?seed=trustpay-c386","INR 2,79,545.00","4845","46-60","Basic","INR 3,305.00","08:00-21:00","anand@apexbank|Anand (Son);tneb@trustpay|TNEB Electricity;nilgiris@trustpay|Nilgiris Supermarket"
"SYNTHETIC TEST DATA - NOT A REAL PERSON, ACCOUNT, OR PIN","C387","Dev Training 387","+91 98286 00387","Apex Global Bank","XXXX-XXXX-4886","devtraining387@trustpay","https://api.dicebear.com/9.x/initials/svg?seed=trustpay-c387","INR 2,80,482.00","049478","61-75","Advanced","INR 3,378.00","07:00-22:00","family@trustpay|Family Contact;utility@trustpay|Utility Payment;grocers@trustpay|Demo Grocers"
"SYNTHETIC TEST DATA - NOT A REAL PERSON, ACCOUNT, OR PIN","C388","Tara Demo 388","+91 98287 00388","Apex Global Bank","XXXX-XXXX-4887","tarademo388@trustpay","https://api.dicebear.com/9.x/initials/svg?seed=trustpay-c388","INR 2,81,419.00","4879","18-30","Moderate","INR 3,451.00","09:00-19:00","clinic@trustpay|City Care Clinic;rent@trustpay|Rental Account;mobile@trustpay|Mobile Recharge"
"SYNTHETIC TEST DATA - NOT A REAL PERSON, ACCOUNT, OR PIN","C389","Ishaan Example 389","+91 98288 00389","Apex Global Bank","XXXX-XXXX-4888","ishaanexample389@trustpay","https://api.dicebear.com/9.x/initials/svg?seed=trustpay-c389","INR 2,82,356.00","049824","31-45","Basic","INR 3,524.00","08:00-21:00","anand@apexbank|Anand (Son);tneb@trustpay|TNEB Electricity;nilgiris@trustpay|Nilgiris Supermarket"
"SYNTHETIC TEST DATA - NOT A REAL PERSON, ACCOUNT, OR PIN","C390","Naina Sandbox 390","+91 98289 00390","Apex Global Bank","XXXX-XXXX-4889","nainasandbox390@trustpay","https://api.dicebear.com/9.x/initials/svg?seed=trustpay-c390","INR 2,83,293.00","4913","46-60","Advanced","INR 3,597.00","07:00-22:00","family@trustpay|Family Contact;utility@trustpay|Utility Payment;grocers@trustpay|Demo Grocers"
"SYNTHETIC TEST DATA - NOT A REAL PERSON, ACCOUNT, OR PIN","C391","Reyansh Iyer 391","+91 98290 00391","Apex Global Bank","XXXX-XXXX-4890","reyanshiyer391@trustpay","https://api.dicebear.com/9.x/initials/svg?seed=trustpay-c391","INR 2,84,230.00","050170","61-75","Moderate","INR 3,670.00","09:00-19:00","clinic@trustpay|City Care Clinic;rent@trustpay|Rental Account;mobile@trustpay|Mobile Recharge"
"SYNTHETIC TEST DATA - NOT A REAL PERSON, ACCOUNT, OR PIN","C392","Aditi Test 392","+91 98291 00392","Apex Global Bank","XXXX-XXXX-4891","adititest392@trustpay","https://api.dicebear.com/9.x/initials/svg?seed=trustpay-c392","INR 2,85,167.00","4947","18-30","Basic","INR 3,743.00","08:00-21:00","anand@apexbank|Anand (Son);tneb@trustpay|TNEB Electricity;nilgiris@trustpay|Nilgiris Supermarket"
"SYNTHETIC TEST DATA - NOT A REAL PERSON, ACCOUNT, OR PIN","C393","Neil Prototype 393","+91 98292 00393","Apex Global Bank","XXXX-XXXX-4892","neilprototype393@trustpay","https://api.dicebear.com/9.x/initials/svg?seed=trustpay-c393","INR 2,86,104.00","050516","31-45","Advanced","INR 3,816.00","07:00-22:00","family@trustpay|Family Contact;utility@trustpay|Utility Payment;grocers@trustpay|Demo Grocers"
"SYNTHETIC TEST DATA - NOT A REAL PERSON, ACCOUNT, OR PIN","C394","Mira Fictional 394","+91 98293 00394","Apex Global Bank","XXXX-XXXX-4893","mirafictional394@trustpay","https://api.dicebear.com/9.x/initials/svg?seed=trustpay-c394","INR 2,87,041.00","4981","46-60","Moderate","INR 3,889.00","09:00-19:00","clinic@trustpay|City Care Clinic;rent@trustpay|Rental Account;mobile@trustpay|Mobile Recharge"
"SYNTHETIC TEST DATA - NOT A REAL PERSON, ACCOUNT, OR PIN","C395","Yash Sample 395","+91 98294 00395","Apex Global Bank","XXXX-XXXX-4894","yashsample395@trustpay","https://api.dicebear.com/9.x/initials/svg?seed=trustpay-c395","INR 2,87,978.00","050862","61-75","Basic","INR 3,962.00","08:00-21:00","anand@apexbank|Anand (Son);tneb@trustpay|TNEB Electricity;nilgiris@trustpay|Nilgiris Supermarket"
"SYNTHETIC TEST DATA - NOT A REAL PERSON, ACCOUNT, OR PIN","C396","Saanvi Mock 396","+91 98295 00396","Apex Global Bank","XXXX-XXXX-4895","saanvimock396@trustpay","https://api.dicebear.com/9.x/initials/svg?seed=trustpay-c396","INR 2,88,915.00","5015","18-30","Advanced","INR 4,035.00","07:00-22:00","family@trustpay|Family Contact;utility@trustpay|Utility Payment;grocers@trustpay|Demo Grocers"
"SYNTHETIC TEST DATA - NOT A REAL PERSON, ACCOUNT, OR PIN","C397","Advik Training 397","+91 98296 00397","Apex Global Bank","XXXX-XXXX-4896","adviktraining397@trustpay","https://api.dicebear.com/9.x/initials/svg?seed=trustpay-c397","INR 2,89,852.00","051208","31-45","Moderate","INR 4,108.00","09:00-19:00","clinic@trustpay|City Care Clinic;rent@trustpay|Rental Account;mobile@trustpay|Mobile Recharge"
"SYNTHETIC TEST DATA - NOT A REAL PERSON, ACCOUNT, OR PIN","C398","Riya Demo 398","+91 98297 00398","Apex Global Bank","XXXX-XXXX-4897","riyademo398@trustpay","https://api.dicebear.com/9.x/initials/svg?seed=trustpay-c398","INR 2,90,789.00","5049","46-60","Basic","INR 4,181.00","08:00-21:00","anand@apexbank|Anand (Son);tneb@trustpay|TNEB Electricity;nilgiris@trustpay|Nilgiris Supermarket"
"SYNTHETIC TEST DATA - NOT A REAL PERSON, ACCOUNT, OR PIN","C399","Karan Example 399","+91 98298 00399","Apex Global Bank","XXXX-XXXX-4898","karanexample399@trustpay","https://api.dicebear.com/9.x/initials/svg?seed=trustpay-c399","INR 2,91,726.00","051554","61-75","Advanced","INR 4,254.00","07:00-22:00","family@trustpay|Family Contact;utility@trustpay|Utility Payment;grocers@trustpay|Demo Grocers"
"SYNTHETIC TEST DATA - NOT A REAL PERSON, ACCOUNT, OR PIN","C400","Pooja Sandbox 400","+91 98299 00400","Apex Global Bank","XXXX-XXXX-4899","poojasandbox400@trustpay","https://api.dicebear.com/9.x/initials/svg?seed=trustpay-c400","INR 2,92,663.00","5083","18-30","Moderate","INR 4,327.00","09:00-19:00","clinic@trustpay|City Care Clinic;rent@trustpay|Rental Account;mobile@trustpay|Mobile Recharge"
"SYNTHETIC TEST DATA - NOT A REAL PERSON, ACCOUNT, OR PIN","C401","Ramaswamy Iyer 401","+91 98300 00401","Apex Global Bank","XXXX-XXXX-4800","ramaswamyiyer401@trustpay","https://api.dicebear.com/9.x/initials/svg?seed=trustpay-c401","INR 2,93,600.00","051900","31-45","Basic","INR 4,400.00","08:00-21:00","anand@apexbank|Anand (Son);tneb@trustpay|TNEB Electricity;nilgiris@trustpay|Nilgiris Supermarket"
"SYNTHETIC TEST DATA - NOT A REAL PERSON, ACCOUNT, OR PIN","C402","Aarav Test 402","+91 98301 00402","Apex Global Bank","XXXX-XXXX-4801","aaravtest402@trustpay","https://api.dicebear.com/9.x/initials/svg?seed=trustpay-c402","INR 2,94,537.00","5117","46-60","Advanced","INR 4,473.00","07:00-22:00","family@trustpay|Family Contact;utility@trustpay|Utility Payment;grocers@trustpay|Demo Grocers"
"SYNTHETIC TEST DATA - NOT A REAL PERSON, ACCOUNT, OR PIN","C403","Diya Prototype 403","+91 98302 00403","Apex Global Bank","XXXX-XXXX-4802","diyaprototype403@trustpay","https://api.dicebear.com/9.x/initials/svg?seed=trustpay-c403","INR 2,95,474.00","052246","61-75","Moderate","INR 4,546.00","09:00-19:00","clinic@trustpay|City Care Clinic;rent@trustpay|Rental Account;mobile@trustpay|Mobile Recharge"
"SYNTHETIC TEST DATA - NOT A REAL PERSON, ACCOUNT, OR PIN","C404","Kabir Fictional 404","+91 98303 00404","Apex Global Bank","XXXX-XXXX-4803","kabirfictional404@trustpay","https://api.dicebear.com/9.x/initials/svg?seed=trustpay-c404","INR 2,96,411.00","5151","18-30","Basic","INR 4,619.00","08:00-21:00","anand@apexbank|Anand (Son);tneb@trustpay|TNEB Electricity;nilgiris@trustpay|Nilgiris Supermarket"
"SYNTHETIC TEST DATA - NOT A REAL PERSON, ACCOUNT, OR PIN","C405","Meera Sample 405","+91 98304 00405","Apex Global Bank","XXXX-XXXX-4804","meerasample405@trustpay","https://api.dicebear.com/9.x/initials/svg?seed=trustpay-c405","INR 2,97,348.00","052592","31-45","Advanced","INR 4,692.00","07:00-22:00","family@trustpay|Family Contact;utility@trustpay|Utility Payment;grocers@trustpay|Demo Grocers"
"SYNTHETIC TEST DATA - NOT A REAL PERSON, ACCOUNT, OR PIN","C406","Arjun Mock 406","+91 98305 00406","Apex Global Bank","XXXX-XXXX-4805","arjunmock406@trustpay","https://api.dicebear.com/9.x/initials/svg?seed=trustpay-c406","INR 2,98,285.00","5185","46-60","Moderate","INR 4,765.00","09:00-19:00","clinic@trustpay|City Care Clinic;rent@trustpay|Rental Account;mobile@trustpay|Mobile Recharge"
"SYNTHETIC TEST DATA - NOT A REAL PERSON, ACCOUNT, OR PIN","C407","Anaya Training 407","+91 98306 00407","Apex Global Bank","XXXX-XXXX-4806","anayatraining407@trustpay","https://api.dicebear.com/9.x/initials/svg?seed=trustpay-c407","INR 2,99,222.00","052938","61-75","Basic","INR 4,838.00","08:00-21:00","anand@apexbank|Anand (Son);tneb@trustpay|TNEB Electricity;nilgiris@trustpay|Nilgiris Supermarket"
"SYNTHETIC TEST DATA - NOT A REAL PERSON, ACCOUNT, OR PIN","C408","Vihaan Demo 408","+91 98307 00408","Apex Global Bank","XXXX-XXXX-4807","vihaandemo408@trustpay","https://api.dicebear.com/9.x/initials/svg?seed=trustpay-c408","INR 3,00,159.00","5219","18-30","Advanced","INR 4,911.00","07:00-22:00","family@trustpay|Family Contact;utility@trustpay|Utility Payment;grocers@trustpay|Demo Grocers"
"SYNTHETIC TEST DATA - NOT A REAL PERSON, ACCOUNT, OR PIN","C409","Isha Example 409","+91 98308 00409","Apex Global Bank","XXXX-XXXX-4808","ishaexample409@trustpay","https://api.dicebear.com/9.x/initials/svg?seed=trustpay-c409","INR 3,01,096.00","053284","31-45","Moderate","INR 4,984.00","09:00-19:00","clinic@trustpay|City Care Clinic;rent@trustpay|Rental Account;mobile@trustpay|Mobile Recharge"
"SYNTHETIC TEST DATA - NOT A REAL PERSON, ACCOUNT, OR PIN","C410","Rohan Sandbox 410","+91 98309 00410","Apex Global Bank","XXXX-XXXX-4809","rohansandbox410@trustpay","https://api.dicebear.com/9.x/initials/svg?seed=trustpay-c410","INR 3,02,033.00","5253","46-60","Basic","INR 5,057.00","08:00-21:00","anand@apexbank|Anand (Son);tneb@trustpay|TNEB Electricity;nilgiris@trustpay|Nilgiris Supermarket"
"SYNTHETIC TEST DATA - NOT A REAL PERSON, ACCOUNT, OR PIN","C411","Kavya Iyer 411","+91 98310 00411","Apex Global Bank","XXXX-XXXX-4810","kavyaiyer411@trustpay","https://api.dicebear.com/9.x/initials/svg?seed=trustpay-c411","INR 3,02,970.00","053630","61-75","Advanced","INR 5,130.00","07:00-22:00","family@trustpay|Family Contact;utility@trustpay|Utility Payment;grocers@trustpay|Demo Grocers"
"SYNTHETIC TEST DATA - NOT A REAL PERSON, ACCOUNT, OR PIN","C412","Dev Test 412","+91 98311 00412","Apex Global Bank","XXXX-XXXX-4811","devtest412@trustpay","https://api.dicebear.com/9.x/initials/svg?seed=trustpay-c412","INR 3,03,907.00","5287","18-30","Moderate","INR 5,203.00","09:00-19:00","clinic@trustpay|City Care Clinic;rent@trustpay|Rental Account;mobile@trustpay|Mobile Recharge"
"SYNTHETIC TEST DATA - NOT A REAL PERSON, ACCOUNT, OR PIN","C413","Tara Prototype 413","+91 98312 00413","Apex Global Bank","XXXX-XXXX-4812","taraprototype413@trustpay","https://api.dicebear.com/9.x/initials/svg?seed=trustpay-c413","INR 3,04,844.00","053976","31-45","Basic","INR 5,276.00","08:00-21:00","anand@apexbank|Anand (Son);tneb@trustpay|TNEB Electricity;nilgiris@trustpay|Nilgiris Supermarket"
"SYNTHETIC TEST DATA - NOT A REAL PERSON, ACCOUNT, OR PIN","C414","Ishaan Fictional 414","+91 98313 00414","Apex Global Bank","XXXX-XXXX-4813","ishaanfictional414@trustpay","https://api.dicebear.com/9.x/initials/svg?seed=trustpay-c414","INR 3,05,781.00","5321","46-60","Advanced","INR 5,349.00","07:00-22:00","family@trustpay|Family Contact;utility@trustpay|Utility Payment;grocers@trustpay|Demo Grocers"
"SYNTHETIC TEST DATA - NOT A REAL PERSON, ACCOUNT, OR PIN","C415","Naina Sample 415","+91 98314 00415","Apex Global Bank","XXXX-XXXX-4814","nainasample415@trustpay","https://api.dicebear.com/9.x/initials/svg?seed=trustpay-c415","INR 3,06,718.00","054322","61-75","Moderate","INR 5,422.00","09:00-19:00","clinic@trustpay|City Care Clinic;rent@trustpay|Rental Account;mobile@trustpay|Mobile Recharge"
"SYNTHETIC TEST DATA - NOT A REAL PERSON, ACCOUNT, OR PIN","C416","Reyansh Mock 416","+91 98315 00416","Apex Global Bank","XXXX-XXXX-4815","reyanshmock416@trustpay","https://api.dicebear.com/9.x/initials/svg?seed=trustpay-c416","INR 3,07,655.00","5355","18-30","Basic","INR 5,495.00","08:00-21:00","anand@apexbank|Anand (Son);tneb@trustpay|TNEB Electricity;nilgiris@trustpay|Nilgiris Supermarket"
"SYNTHETIC TEST DATA - NOT A REAL PERSON, ACCOUNT, OR PIN","C417","Aditi Training 417","+91 98316 00417","Apex Global Bank","XXXX-XXXX-4816","adititraining417@trustpay","https://api.dicebear.com/9.x/initials/svg?seed=trustpay-c417","INR 3,08,592.00","054668","31-45","Advanced","INR 5,568.00","07:00-22:00","family@trustpay|Family Contact;utility@trustpay|Utility Payment;grocers@trustpay|Demo Grocers"
"SYNTHETIC TEST DATA - NOT A REAL PERSON, ACCOUNT, OR PIN","C418","Neil Demo 418","+91 98317 00418","Apex Global Bank","XXXX-XXXX-4817","neildemo418@trustpay","https://api.dicebear.com/9.x/initials/svg?seed=trustpay-c418","INR 3,09,529.00","5389","46-60","Moderate","INR 5,641.00","09:00-19:00","clinic@trustpay|City Care Clinic;rent@trustpay|Rental Account;mobile@trustpay|Mobile Recharge"
"SYNTHETIC TEST DATA - NOT A REAL PERSON, ACCOUNT, OR PIN","C419","Mira Example 419","+91 98318 00419","Apex Global Bank","XXXX-XXXX-4818","miraexample419@trustpay","https://api.dicebear.com/9.x/initials/svg?seed=trustpay-c419","INR 3,10,466.00","055014","61-75","Basic","INR 5,714.00","08:00-21:00","anand@apexbank|Anand (Son);tneb@trustpay|TNEB Electricity;nilgiris@trustpay|Nilgiris Supermarket"
"SYNTHETIC TEST DATA - NOT A REAL PERSON, ACCOUNT, OR PIN","C420","Yash Sandbox 420","+91 98319 00420","Apex Global Bank","XXXX-XXXX-4819","yashsandbox420@trustpay","https://api.dicebear.com/9.x/initials/svg?seed=trustpay-c420","INR 3,11,403.00","5423","18-30","Advanced","INR 5,787.00","07:00-22:00","family@trustpay|Family Contact;utility@trustpay|Utility Payment;grocers@trustpay|Demo Grocers"
"SYNTHETIC TEST DATA - NOT A REAL PERSON, ACCOUNT, OR PIN","C421","Saanvi Iyer 421","+91 98320 00421","Apex Global Bank","XXXX-XXXX-4820","saanviiyer421@trustpay","https://api.dicebear.com/9.x/initials/svg?seed=trustpay-c421","INR 3,12,340.00","055360","31-45","Moderate","INR 5,860.00","09:00-19:00","clinic@trustpay|City Care Clinic;rent@trustpay|Rental Account;mobile@trustpay|Mobile Recharge"
"SYNTHETIC TEST DATA - NOT A REAL PERSON, ACCOUNT, OR PIN","C422","Advik Test 422","+91 98321 00422","Apex Global Bank","XXXX-XXXX-4821","adviktest422@trustpay","https://api.dicebear.com/9.x/initials/svg?seed=trustpay-c422","INR 3,13,277.00","5457","46-60","Basic","INR 5,933.00","08:00-21:00","anand@apexbank|Anand (Son);tneb@trustpay|TNEB Electricity;nilgiris@trustpay|Nilgiris Supermarket"
"SYNTHETIC TEST DATA - NOT A REAL PERSON, ACCOUNT, OR PIN","C423","Riya Prototype 423","+91 98322 00423","Apex Global Bank","XXXX-XXXX-4822","riyaprototype423@trustpay","https://api.dicebear.com/9.x/initials/svg?seed=trustpay-c423","INR 3,14,214.00","055706","61-75","Advanced","INR 6,006.00","07:00-22:00","family@trustpay|Family Contact;utility@trustpay|Utility Payment;grocers@trustpay|Demo Grocers"
"SYNTHETIC TEST DATA - NOT A REAL PERSON, ACCOUNT, OR PIN","C424","Karan Fictional 424","+91 98323 00424","Apex Global Bank","XXXX-XXXX-4823","karanfictional424@trustpay","https://api.dicebear.com/9.x/initials/svg?seed=trustpay-c424","INR 3,15,151.00","5491","18-30","Moderate","INR 6,079.00","09:00-19:00","clinic@trustpay|City Care Clinic;rent@trustpay|Rental Account;mobile@trustpay|Mobile Recharge"
"SYNTHETIC TEST DATA - NOT A REAL PERSON, ACCOUNT, OR PIN","C425","Pooja Sample 425","+91 98324 00425","Apex Global Bank","XXXX-XXXX-4824","poojasample425@trustpay","https://api.dicebear.com/9.x/initials/svg?seed=trustpay-c425","INR 3,16,088.00","056052","31-45","Basic","INR 6,152.00","08:00-21:00","anand@apexbank|Anand (Son);tneb@trustpay|TNEB Electricity;nilgiris@trustpay|Nilgiris Supermarket"
"SYNTHETIC TEST DATA - NOT A REAL PERSON, ACCOUNT, OR PIN","C426","Ramaswamy Mock 426","+91 98325 00426","Apex Global Bank","XXXX-XXXX-4825","ramaswamymock426@trustpay","https://api.dicebear.com/9.x/initials/svg?seed=trustpay-c426","INR 3,17,025.00","5525","46-60","Advanced","INR 6,225.00","07:00-22:00","family@trustpay|Family Contact;utility@trustpay|Utility Payment;grocers@trustpay|Demo Grocers"
"SYNTHETIC TEST DATA - NOT A REAL PERSON, ACCOUNT, OR PIN","C427","Aarav Training 427","+91 98326 00427","Apex Global Bank","XXXX-XXXX-4826","aaravtraining427@trustpay","https://api.dicebear.com/9.x/initials/svg?seed=trustpay-c427","INR 3,17,962.00","056398","61-75","Moderate","INR 6,298.00","09:00-19:00","clinic@trustpay|City Care Clinic;rent@trustpay|Rental Account;mobile@trustpay|Mobile Recharge"
"SYNTHETIC TEST DATA - NOT A REAL PERSON, ACCOUNT, OR PIN","C428","Diya Demo 428","+91 98327 00428","Apex Global Bank","XXXX-XXXX-4827","diyademo428@trustpay","https://api.dicebear.com/9.x/initials/svg?seed=trustpay-c428","INR 3,18,899.00","5559","18-30","Basic","INR 6,371.00","08:00-21:00","anand@apexbank|Anand (Son);tneb@trustpay|TNEB Electricity;nilgiris@trustpay|Nilgiris Supermarket"
"SYNTHETIC TEST DATA - NOT A REAL PERSON, ACCOUNT, OR PIN","C429","Kabir Example 429","+91 98328 00429","Apex Global Bank","XXXX-XXXX-4828","kabirexample429@trustpay","https://api.dicebear.com/9.x/initials/svg?seed=trustpay-c429","INR 3,19,836.00","056744","31-45","Advanced","INR 6,444.00","07:00-22:00","family@trustpay|Family Contact;utility@trustpay|Utility Payment;grocers@trustpay|Demo Grocers"
"SYNTHETIC TEST DATA - NOT A REAL PERSON, ACCOUNT, OR PIN","C430","Meera Sandbox 430","+91 98329 00430","Apex Global Bank","XXXX-XXXX-4829","meerasandbox430@trustpay","https://api.dicebear.com/9.x/initials/svg?seed=trustpay-c430","INR 3,20,773.00","5593","46-60","Moderate","INR 6,517.00","09:00-19:00","clinic@trustpay|City Care Clinic;rent@trustpay|Rental Account;mobile@trustpay|Mobile Recharge"
"SYNTHETIC TEST DATA - NOT A REAL PERSON, ACCOUNT, OR PIN","C431","Arjun Iyer 431","+91 98330 00431","Apex Global Bank","XXXX-XXXX-4830","arjuniyer431@trustpay","https://api.dicebear.com/9.x/initials/svg?seed=trustpay-c431","INR 3,21,710.00","057090","61-75","Basic","INR 6,590.00","08:00-21:00","anand@apexbank|Anand (Son);tneb@trustpay|TNEB Electricity;nilgiris@trustpay|Nilgiris Supermarket"
"SYNTHETIC TEST DATA - NOT A REAL PERSON, ACCOUNT, OR PIN","C432","Anaya Test 432","+91 98331 00432","Apex Global Bank","XXXX-XXXX-4831","anayatest432@trustpay","https://api.dicebear.com/9.x/initials/svg?seed=trustpay-c432","INR 3,22,647.00","5627","18-30","Advanced","INR 6,663.00","07:00-22:00","family@trustpay|Family Contact;utility@trustpay|Utility Payment;grocers@trustpay|Demo Grocers"
"SYNTHETIC TEST DATA - NOT A REAL PERSON, ACCOUNT, OR PIN","C433","Vihaan Prototype 433","+91 98332 00433","Apex Global Bank","XXXX-XXXX-4832","vihaanprototype433@trustpay","https://api.dicebear.com/9.x/initials/svg?seed=trustpay-c433","INR 3,23,584.00","057436","31-45","Moderate","INR 6,736.00","09:00-19:00","clinic@trustpay|City Care Clinic;rent@trustpay|Rental Account;mobile@trustpay|Mobile Recharge"
"SYNTHETIC TEST DATA - NOT A REAL PERSON, ACCOUNT, OR PIN","C434","Isha Fictional 434","+91 98333 00434","Apex Global Bank","XXXX-XXXX-4833","ishafictional434@trustpay","https://api.dicebear.com/9.x/initials/svg?seed=trustpay-c434","INR 3,24,521.00","5661","46-60","Basic","INR 6,809.00","08:00-21:00","anand@apexbank|Anand (Son);tneb@trustpay|TNEB Electricity;nilgiris@trustpay|Nilgiris Supermarket"
"SYNTHETIC TEST DATA - NOT A REAL PERSON, ACCOUNT, OR PIN","C435","Rohan Sample 435","+91 98334 00435","Apex Global Bank","XXXX-XXXX-4834","rohansample435@trustpay","https://api.dicebear.com/9.x/initials/svg?seed=trustpay-c435","INR 3,25,458.00","057782","61-75","Advanced","INR 6,882.00","07:00-22:00","family@trustpay|Family Contact;utility@trustpay|Utility Payment;grocers@trustpay|Demo Grocers"
"SYNTHETIC TEST DATA - NOT A REAL PERSON, ACCOUNT, OR PIN","C436","Kavya Mock 436","+91 98335 00436","Apex Global Bank","XXXX-XXXX-4835","kavyamock436@trustpay","https://api.dicebear.com/9.x/initials/svg?seed=trustpay-c436","INR 3,26,395.00","5695","18-30","Moderate","INR 6,955.00","09:00-19:00","clinic@trustpay|City Care Clinic;rent@trustpay|Rental Account;mobile@trustpay|Mobile Recharge"
"SYNTHETIC TEST DATA - NOT A REAL PERSON, ACCOUNT, OR PIN","C437","Dev Training 437","+91 98336 00437","Apex Global Bank","XXXX-XXXX-4836","devtraining437@trustpay","https://api.dicebear.com/9.x/initials/svg?seed=trustpay-c437","INR 3,27,332.00","058128","31-45","Basic","INR 7,028.00","08:00-21:00","anand@apexbank|Anand (Son);tneb@trustpay|TNEB Electricity;nilgiris@trustpay|Nilgiris Supermarket"
"SYNTHETIC TEST DATA - NOT A REAL PERSON, ACCOUNT, OR PIN","C438","Tara Demo 438","+91 98337 00438","Apex Global Bank","XXXX-XXXX-4837","tarademo438@trustpay","https://api.dicebear.com/9.x/initials/svg?seed=trustpay-c438","INR 3,28,269.00","5729","46-60","Advanced","INR 7,101.00","07:00-22:00","family@trustpay|Family Contact;utility@trustpay|Utility Payment;grocers@trustpay|Demo Grocers"
"SYNTHETIC TEST DATA - NOT A REAL PERSON, ACCOUNT, OR PIN","C439","Ishaan Example 439","+91 98338 00439","Apex Global Bank","XXXX-XXXX-4838","ishaanexample439@trustpay","https://api.dicebear.com/9.x/initials/svg?seed=trustpay-c439","INR 3,29,206.00","058474","61-75","Moderate","INR 7,174.00","09:00-19:00","clinic@trustpay|City Care Clinic;rent@trustpay|Rental Account;mobile@trustpay|Mobile Recharge"
"SYNTHETIC TEST DATA - NOT A REAL PERSON, ACCOUNT, OR PIN","C440","Naina Sandbox 440","+91 98339 00440","Apex Global Bank","XXXX-XXXX-4839","nainasandbox440@trustpay","https://api.dicebear.com/9.x/initials/svg?seed=trustpay-c440","INR 3,30,143.00","5763","18-30","Basic","INR 7,247.00","08:00-21:00","anand@apexbank|Anand (Son);tneb@trustpay|TNEB Electricity;nilgiris@trustpay|Nilgiris Supermarket"
"SYNTHETIC TEST DATA - NOT A REAL PERSON, ACCOUNT, OR PIN","C441","Reyansh Iyer 441","+91 98340 00441","Apex Global Bank","XXXX-XXXX-4840","reyanshiyer441@trustpay","https://api.dicebear.com/9.x/initials/svg?seed=trustpay-c441","INR 3,31,080.00","058820","31-45","Advanced","INR 7,320.00","07:00-22:00","family@trustpay|Family Contact;utility@trustpay|Utility Payment;grocers@trustpay|Demo Grocers"
"SYNTHETIC TEST DATA - NOT A REAL PERSON, ACCOUNT, OR PIN","C442","Aditi Test 442","+91 98341 00442","Apex Global Bank","XXXX-XXXX-4841","adititest442@trustpay","https://api.dicebear.com/9.x/initials/svg?seed=trustpay-c442","INR 3,32,017.00","5797","46-60","Moderate","INR 7,393.00","09:00-19:00","clinic@trustpay|City Care Clinic;rent@trustpay|Rental Account;mobile@trustpay|Mobile Recharge"
"SYNTHETIC TEST DATA - NOT A REAL PERSON, ACCOUNT, OR PIN","C443","Neil Prototype 443","+91 98342 00443","Apex Global Bank","XXXX-XXXX-4842","neilprototype443@trustpay","https://api.dicebear.com/9.x/initials/svg?seed=trustpay-c443","INR 3,32,954.00","059166","61-75","Basic","INR 7,466.00","08:00-21:00","anand@apexbank|Anand (Son);tneb@trustpay|TNEB Electricity;nilgiris@trustpay|Nilgiris Supermarket"
"SYNTHETIC TEST DATA - NOT A REAL PERSON, ACCOUNT, OR PIN","C444","Mira Fictional 444","+91 98343 00444","Apex Global Bank","XXXX-XXXX-4843","mirafictional444@trustpay","https://api.dicebear.com/9.x/initials/svg?seed=trustpay-c444","INR 3,33,891.00","5831","18-30","Advanced","INR 7,539.00","07:00-22:00","family@trustpay|Family Contact;utility@trustpay|Utility Payment;grocers@trustpay|Demo Grocers"
"SYNTHETIC TEST DATA - NOT A REAL PERSON, ACCOUNT, OR PIN","C445","Yash Sample 445","+91 98344 00445","Apex Global Bank","XXXX-XXXX-4844","yashsample445@trustpay","https://api.dicebear.com/9.x/initials/svg?seed=trustpay-c445","INR 3,34,828.00","059512","31-45","Moderate","INR 7,612.00","09:00-19:00","clinic@trustpay|City Care Clinic;rent@trustpay|Rental Account;mobile@trustpay|Mobile Recharge"
"SYNTHETIC TEST DATA - NOT A REAL PERSON, ACCOUNT, OR PIN","C446","Saanvi Mock 446","+91 98345 00446","Apex Global Bank","XXXX-XXXX-4845","saanvimock446@trustpay","https://api.dicebear.com/9.x/initials/svg?seed=trustpay-c446","INR 3,35,765.00","5865","46-60","Basic","INR 7,685.00","08:00-21:00","anand@apexbank|Anand (Son);tneb@trustpay|TNEB Electricity;nilgiris@trustpay|Nilgiris Supermarket"
"SYNTHETIC TEST DATA - NOT A REAL PERSON, ACCOUNT, OR PIN","C447","Advik Training 447","+91 98346 00447","Apex Global Bank","XXXX-XXXX-4846","adviktraining447@trustpay","https://api.dicebear.com/9.x/initials/svg?seed=trustpay-c447","INR 3,36,702.00","059858","61-75","Advanced","INR 7,758.00","07:00-22:00","family@trustpay|Family Contact;utility@trustpay|Utility Payment;grocers@trustpay|Demo Grocers"
"SYNTHETIC TEST DATA - NOT A REAL PERSON, ACCOUNT, OR PIN","C448","Riya Demo 448","+91 98347 00448","Apex Global Bank","XXXX-XXXX-4847","riyademo448@trustpay","https://api.dicebear.com/9.x/initials/svg?seed=trustpay-c448","INR 3,37,639.00","5899","18-30","Moderate","INR 7,831.00","09:00-19:00","clinic@trustpay|City Care Clinic;rent@trustpay|Rental Account;mobile@trustpay|Mobile Recharge"
"SYNTHETIC TEST DATA - NOT A REAL PERSON, ACCOUNT, OR PIN","C449","Karan Example 449","+91 98348 00449","Apex Global Bank","XXXX-XXXX-4848","karanexample449@trustpay","https://api.dicebear.com/9.x/initials/svg?seed=trustpay-c449","INR 3,38,576.00","060204","31-45","Basic","INR 7,904.00","08:00-21:00","anand@apexbank|Anand (Son);tneb@trustpay|TNEB Electricity;nilgiris@trustpay|Nilgiris Supermarket"
"SYNTHETIC TEST DATA - NOT A REAL PERSON, ACCOUNT, OR PIN","C450","Pooja Sandbox 450","+91 98349 00450","Apex Global Bank","XXXX-XXXX-4849","poojasandbox450@trustpay","https://api.dicebear.com/9.x/initials/svg?seed=trustpay-c450","INR 3,39,513.00","5933","46-60","Advanced","INR 7,977.00","07:00-22:00","family@trustpay|Family Contact;utility@trustpay|Utility Payment;grocers@trustpay|Demo Grocers"
"SYNTHETIC TEST DATA - NOT A REAL PERSON, ACCOUNT, OR PIN","C451","Ramaswamy Iyer 451","+91 98350 00451","Apex Global Bank","XXXX-XXXX-4850","ramaswamyiyer451@trustpay","https://api.dicebear.com/9.x/initials/svg?seed=trustpay-c451","INR 3,40,450.00","060550","61-75","Moderate","INR 8,050.00","09:00-19:00","clinic@trustpay|City Care Clinic;rent@trustpay|Rental Account;mobile@trustpay|Mobile Recharge"
"SYNTHETIC TEST DATA - NOT A REAL PERSON, ACCOUNT, OR PIN","C452","Aarav Test 452","+91 98351 00452","Apex Global Bank","XXXX-XXXX-4851","aaravtest452@trustpay","https://api.dicebear.com/9.x/initials/svg?seed=trustpay-c452","INR 3,41,387.00","5967","18-30","Basic","INR 8,123.00","08:00-21:00","anand@apexbank|Anand (Son);tneb@trustpay|TNEB Electricity;nilgiris@trustpay|Nilgiris Supermarket"
"SYNTHETIC TEST DATA - NOT A REAL PERSON, ACCOUNT, OR PIN","C453","Diya Prototype 453","+91 98352 00453","Apex Global Bank","XXXX-XXXX-4852","diyaprototype453@trustpay","https://api.dicebear.com/9.x/initials/svg?seed=trustpay-c453","INR 3,42,324.00","060896","31-45","Advanced","INR 8,196.00","07:00-22:00","family@trustpay|Family Contact;utility@trustpay|Utility Payment;grocers@trustpay|Demo Grocers"
"SYNTHETIC TEST DATA - NOT A REAL PERSON, ACCOUNT, OR PIN","C454","Kabir Fictional 454","+91 98353 00454","Apex Global Bank","XXXX-XXXX-4853","kabirfictional454@trustpay","https://api.dicebear.com/9.x/initials/svg?seed=trustpay-c454","INR 3,43,261.00","6001","46-60","Moderate","INR 8,269.00","09:00-19:00","clinic@trustpay|City Care Clinic;rent@trustpay|Rental Account;mobile@trustpay|Mobile Recharge"
"SYNTHETIC TEST DATA - NOT A REAL PERSON, ACCOUNT, OR PIN","C455","Meera Sample 455","+91 98354 00455","Apex Global Bank","XXXX-XXXX-4854","meerasample455@trustpay","https://api.dicebear.com/9.x/initials/svg?seed=trustpay-c455","INR 3,44,198.00","061242","61-75","Basic","INR 8,342.00","08:00-21:00","anand@apexbank|Anand (Son);tneb@trustpay|TNEB Electricity;nilgiris@trustpay|Nilgiris Supermarket"
"SYNTHETIC TEST DATA - NOT A REAL PERSON, ACCOUNT, OR PIN","C456","Arjun Mock 456","+91 98355 00456","Apex Global Bank","XXXX-XXXX-4855","arjunmock456@trustpay","https://api.dicebear.com/9.x/initials/svg?seed=trustpay-c456","INR 3,45,135.00","6035","18-30","Advanced","INR 8,415.00","07:00-22:00","family@trustpay|Family Contact;utility@trustpay|Utility Payment;grocers@trustpay|Demo Grocers"
"SYNTHETIC TEST DATA - NOT A REAL PERSON, ACCOUNT, OR PIN","C457","Anaya Training 457","+91 98356 00457","Apex Global Bank","XXXX-XXXX-4856","anayatraining457@trustpay","https://api.dicebear.com/9.x/initials/svg?seed=trustpay-c457","INR 3,46,072.00","061588","31-45","Moderate","INR 8,488.00","09:00-19:00","clinic@trustpay|City Care Clinic;rent@trustpay|Rental Account;mobile@trustpay|Mobile Recharge"
"SYNTHETIC TEST DATA - NOT A REAL PERSON, ACCOUNT, OR PIN","C458","Vihaan Demo 458","+91 98357 00458","Apex Global Bank","XXXX-XXXX-4857","vihaandemo458@trustpay","https://api.dicebear.com/9.x/initials/svg?seed=trustpay-c458","INR 3,47,009.00","6069","46-60","Basic","INR 8,561.00","08:00-21:00","anand@apexbank|Anand (Son);tneb@trustpay|TNEB Electricity;nilgiris@trustpay|Nilgiris Supermarket"
"SYNTHETIC TEST DATA - NOT A REAL PERSON, ACCOUNT, OR PIN","C459","Isha Example 459","+91 98358 00459","Apex Global Bank","XXXX-XXXX-4858","ishaexample459@trustpay","https://api.dicebear.com/9.x/initials/svg?seed=trustpay-c459","INR 3,47,946.00","061934","61-75","Advanced","INR 8,634.00","07:00-22:00","family@trustpay|Family Contact;utility@trustpay|Utility Payment;grocers@trustpay|Demo Grocers"
"SYNTHETIC TEST DATA - NOT A REAL PERSON, ACCOUNT, OR PIN","C460","Rohan Sandbox 460","+91 98359 00460","Apex Global Bank","XXXX-XXXX-4859","rohansandbox460@trustpay","https://api.dicebear.com/9.x/initials/svg?seed=trustpay-c460","INR 3,48,883.00","6103","18-30","Moderate","INR 8,707.00","09:00-19:00","clinic@trustpay|City Care Clinic;rent@trustpay|Rental Account;mobile@trustpay|Mobile Recharge"
"SYNTHETIC TEST DATA - NOT A REAL PERSON, ACCOUNT, OR PIN","C461","Kavya Iyer 461","+91 98360 00461","Apex Global Bank","XXXX-XXXX-4860","kavyaiyer461@trustpay","https://api.dicebear.com/9.x/initials/svg?seed=trustpay-c461","INR 3,49,820.00","062280","31-45","Basic","INR 8,780.00","08:00-21:00","anand@apexbank|Anand (Son);tneb@trustpay|TNEB Electricity;nilgiris@trustpay|Nilgiris Supermarket"
"SYNTHETIC TEST DATA - NOT A REAL PERSON, ACCOUNT, OR PIN","C462","Dev Test 462","+91 98361 00462","Apex Global Bank","XXXX-XXXX-4861","devtest462@trustpay","https://api.dicebear.com/9.x/initials/svg?seed=trustpay-c462","INR 3,50,757.00","6137","46-60","Advanced","INR 8,853.00","07:00-22:00","family@trustpay|Family Contact;utility@trustpay|Utility Payment;grocers@trustpay|Demo Grocers"
"SYNTHETIC TEST DATA - NOT A REAL PERSON, ACCOUNT, OR PIN","C463","Tara Prototype 463","+91 98362 00463","Apex Global Bank","XXXX-XXXX-4862","taraprototype463@trustpay","https://api.dicebear.com/9.x/initials/svg?seed=trustpay-c463","INR 3,51,694.00","062626","61-75","Moderate","INR 8,926.00","09:00-19:00","clinic@trustpay|City Care Clinic;rent@trustpay|Rental Account;mobile@trustpay|Mobile Recharge"
"SYNTHETIC TEST DATA - NOT A REAL PERSON, ACCOUNT, OR PIN","C464","Ishaan Fictional 464","+91 98363 00464","Apex Global Bank","XXXX-XXXX-4863","ishaanfictional464@trustpay","https://api.dicebear.com/9.x/initials/svg?seed=trustpay-c464","INR 3,52,631.00","6171","18-30","Basic","INR 8,999.00","08:00-21:00","anand@apexbank|Anand (Son);tneb@trustpay|TNEB Electricity;nilgiris@trustpay|Nilgiris Supermarket"
"SYNTHETIC TEST DATA - NOT A REAL PERSON, ACCOUNT, OR PIN","C465","Naina Sample 465","+91 98364 00465","Apex Global Bank","XXXX-XXXX-4864","nainasample465@trustpay","https://api.dicebear.com/9.x/initials/svg?seed=trustpay-c465","INR 3,53,568.00","062972","31-45","Advanced","INR 9,072.00","07:00-22:00","family@trustpay|Family Contact;utility@trustpay|Utility Payment;grocers@trustpay|Demo Grocers"
"SYNTHETIC TEST DATA - NOT A REAL PERSON, ACCOUNT, OR PIN","C466","Reyansh Mock 466","+91 98365 00466","Apex Global Bank","XXXX-XXXX-4865","reyanshmock466@trustpay","https://api.dicebear.com/9.x/initials/svg?seed=trustpay-c466","INR 3,54,505.00","6205","46-60","Moderate","INR 9,145.00","09:00-19:00","clinic@trustpay|City Care Clinic;rent@trustpay|Rental Account;mobile@trustpay|Mobile Recharge"
"SYNTHETIC TEST DATA - NOT A REAL PERSON, ACCOUNT, OR PIN","C467","Aditi Training 467","+91 98366 00467","Apex Global Bank","XXXX-XXXX-4866","adititraining467@trustpay","https://api.dicebear.com/9.x/initials/svg?seed=trustpay-c467","INR 3,55,442.00","063318","61-75","Basic","INR 9,218.00","08:00-21:00","anand@apexbank|Anand (Son);tneb@trustpay|TNEB Electricity;nilgiris@trustpay|Nilgiris Supermarket"
"SYNTHETIC TEST DATA - NOT A REAL PERSON, ACCOUNT, OR PIN","C468","Neil Demo 468","+91 98367 00468","Apex Global Bank","XXXX-XXXX-4867","neildemo468@trustpay","https://api.dicebear.com/9.x/initials/svg?seed=trustpay-c468","INR 3,56,379.00","6239","18-30","Advanced","INR 9,291.00","07:00-22:00","family@trustpay|Family Contact;utility@trustpay|Utility Payment;grocers@trustpay|Demo Grocers"
"SYNTHETIC TEST DATA - NOT A REAL PERSON, ACCOUNT, OR PIN","C469","Mira Example 469","+91 98368 00469","Apex Global Bank","XXXX-XXXX-4868","miraexample469@trustpay","https://api.dicebear.com/9.x/initials/svg?seed=trustpay-c469","INR 3,57,316.00","063664","31-45","Moderate","INR 9,364.00","09:00-19:00","clinic@trustpay|City Care Clinic;rent@trustpay|Rental Account;mobile@trustpay|Mobile Recharge"
"SYNTHETIC TEST DATA - NOT A REAL PERSON, ACCOUNT, OR PIN","C470","Yash Sandbox 470","+91 98369 00470","Apex Global Bank","XXXX-XXXX-4869","yashsandbox470@trustpay","https://api.dicebear.com/9.x/initials/svg?seed=trustpay-c470","INR 3,58,253.00","6273","46-60","Basic","INR 9,437.00","08:00-21:00","anand@apexbank|Anand (Son);tneb@trustpay|TNEB Electricity;nilgiris@trustpay|Nilgiris Supermarket"
"SYNTHETIC TEST DATA - NOT A REAL PERSON, ACCOUNT, OR PIN","C471","Saanvi Iyer 471","+91 98370 00471","Apex Global Bank","XXXX-XXXX-4870","saanviiyer471@trustpay","https://api.dicebear.com/9.x/initials/svg?seed=trustpay-c471","INR 3,59,190.00","064010","61-75","Advanced","INR 9,510.00","07:00-22:00","family@trustpay|Family Contact;utility@trustpay|Utility Payment;grocers@trustpay|Demo Grocers"
"SYNTHETIC TEST DATA - NOT A REAL PERSON, ACCOUNT, OR PIN","C472","Advik Test 472","+91 98371 00472","Apex Global Bank","XXXX-XXXX-4871","adviktest472@trustpay","https://api.dicebear.com/9.x/initials/svg?seed=trustpay-c472","INR 3,60,127.00","6307","18-30","Moderate","INR 9,583.00","09:00-19:00","clinic@trustpay|City Care Clinic;rent@trustpay|Rental Account;mobile@trustpay|Mobile Recharge"
"SYNTHETIC TEST DATA - NOT A REAL PERSON, ACCOUNT, OR PIN","C473","Riya Prototype 473","+91 98372 00473","Apex Global Bank","XXXX-XXXX-4872","riyaprototype473@trustpay","https://api.dicebear.com/9.x/initials/svg?seed=trustpay-c473","INR 3,61,064.00","064356","31-45","Basic","INR 9,656.00","08:00-21:00","anand@apexbank|Anand (Son);tneb@trustpay|TNEB Electricity;nilgiris@trustpay|Nilgiris Supermarket"
"SYNTHETIC TEST DATA - NOT A REAL PERSON, ACCOUNT, OR PIN","C474","Karan Fictional 474","+91 98373 00474","Apex Global Bank","XXXX-XXXX-4873","karanfictional474@trustpay","https://api.dicebear.com/9.x/initials/svg?seed=trustpay-c474","INR 3,62,001.00","6341","46-60","Advanced","INR 9,729.00","07:00-22:00","family@trustpay|Family Contact;utility@trustpay|Utility Payment;grocers@trustpay|Demo Grocers"
"SYNTHETIC TEST DATA - NOT A REAL PERSON, ACCOUNT, OR PIN","C475","Pooja Sample 475","+91 98374 00475","Apex Global Bank","XXXX-XXXX-4874","poojasample475@trustpay","https://api.dicebear.com/9.x/initials/svg?seed=trustpay-c475","INR 3,62,938.00","064702","61-75","Moderate","INR 9,802.00","09:00-19:00","clinic@trustpay|City Care Clinic;rent@trustpay|Rental Account;mobile@trustpay|Mobile Recharge"
"SYNTHETIC TEST DATA - NOT A REAL PERSON, ACCOUNT, OR PIN","C476","Ramaswamy Mock 476","+91 98375 00476","Apex Global Bank","XXXX-XXXX-4875","ramaswamymock476@trustpay","https://api.dicebear.com/9.x/initials/svg?seed=trustpay-c476","INR 3,63,875.00","6375","18-30","Basic","INR 9,875.00","08:00-21:00","anand@apexbank|Anand (Son);tneb@trustpay|TNEB Electricity;nilgiris@trustpay|Nilgiris Supermarket"
"SYNTHETIC TEST DATA - NOT A REAL PERSON, ACCOUNT, OR PIN","C477","Aarav Training 477","+91 98376 00477","Apex Global Bank","XXXX-XXXX-4876","aaravtraining477@trustpay","https://api.dicebear.com/9.x/initials/svg?seed=trustpay-c477","INR 3,64,812.00","065048","31-45","Advanced","INR 9,948.00","07:00-22:00","family@trustpay|Family Contact;utility@trustpay|Utility Payment;grocers@trustpay|Demo Grocers"
"SYNTHETIC TEST DATA - NOT A REAL PERSON, ACCOUNT, OR PIN","C478","Diya Demo 478","+91 98377 00478","Apex Global Bank","XXXX-XXXX-4877","diyademo478@trustpay","https://api.dicebear.com/9.x/initials/svg?seed=trustpay-c478","INR 3,65,749.00","6409","46-60","Moderate","INR 10,021.00","09:00-19:00","clinic@trustpay|City Care Clinic;rent@trustpay|Rental Account;mobile@trustpay|Mobile Recharge"
"SYNTHETIC TEST DATA - NOT A REAL PERSON, ACCOUNT, OR PIN","C479","Kabir Example 479","+91 98378 00479","Apex Global Bank","XXXX-XXXX-4878","kabirexample479@trustpay","https://api.dicebear.com/9.x/initials/svg?seed=trustpay-c479","INR 3,66,686.00","065394","61-75","Basic","INR 10,094.00","08:00-21:00","anand@apexbank|Anand (Son);tneb@trustpay|TNEB Electricity;nilgiris@trustpay|Nilgiris Supermarket"
"SYNTHETIC TEST DATA - NOT A REAL PERSON, ACCOUNT, OR PIN","C480","Meera Sandbox 480","+91 98379 00480","Apex Global Bank","XXXX-XXXX-4879","meerasandbox480@trustpay","https://api.dicebear.com/9.x/initials/svg?seed=trustpay-c480","INR 3,67,623.00","6443","18-30","Advanced","INR 10,167.00","07:00-22:00","family@trustpay|Family Contact;utility@trustpay|Utility Payment;grocers@trustpay|Demo Grocers"
"SYNTHETIC TEST DATA - NOT A REAL PERSON, ACCOUNT, OR PIN","C481","Arjun Iyer 481","+91 98380 00481","Apex Global Bank","XXXX-XXXX-4880","arjuniyer481@trustpay","https://api.dicebear.com/9.x/initials/svg?seed=trustpay-c481","INR 3,68,560.00","065740","31-45","Moderate","INR 10,240.00","09:00-19:00","clinic@trustpay|City Care Clinic;rent@trustpay|Rental Account;mobile@trustpay|Mobile Recharge"
"SYNTHETIC TEST DATA - NOT A REAL PERSON, ACCOUNT, OR PIN","C482","Anaya Test 482","+91 98381 00482","Apex Global Bank","XXXX-XXXX-4881","anayatest482@trustpay","https://api.dicebear.com/9.x/initials/svg?seed=trustpay-c482","INR 3,69,497.00","6477","46-60","Basic","INR 10,313.00","08:00-21:00","anand@apexbank|Anand (Son);tneb@trustpay|TNEB Electricity;nilgiris@trustpay|Nilgiris Supermarket"
"SYNTHETIC TEST DATA - NOT A REAL PERSON, ACCOUNT, OR PIN","C483","Vihaan Prototype 483","+91 98382 00483","Apex Global Bank","XXXX-XXXX-4882","vihaanprototype483@trustpay","https://api.dicebear.com/9.x/initials/svg?seed=trustpay-c483","INR 3,70,434.00","066086","61-75","Advanced","INR 10,386.00","07:00-22:00","family@trustpay|Family Contact;utility@trustpay|Utility Payment;grocers@trustpay|Demo Grocers"
"SYNTHETIC TEST DATA - NOT A REAL PERSON, ACCOUNT, OR PIN","C484","Isha Fictional 484","+91 98383 00484","Apex Global Bank","XXXX-XXXX-4883","ishafictional484@trustpay","https://api.dicebear.com/9.x/initials/svg?seed=trustpay-c484","INR 3,71,371.00","6511","18-30","Moderate","INR 10,459.00","09:00-19:00","clinic@trustpay|City Care Clinic;rent@trustpay|Rental Account;mobile@trustpay|Mobile Recharge"
"SYNTHETIC TEST DATA - NOT A REAL PERSON, ACCOUNT, OR PIN","C485","Rohan Sample 485","+91 98384 00485","Apex Global Bank","XXXX-XXXX-4884","rohansample485@trustpay","https://api.dicebear.com/9.x/initials/svg?seed=trustpay-c485","INR 3,72,308.00","066432","31-45","Basic","INR 10,532.00","08:00-21:00","anand@apexbank|Anand (Son);tneb@trustpay|TNEB Electricity;nilgiris@trustpay|Nilgiris Supermarket"
"SYNTHETIC TEST DATA - NOT A REAL PERSON, ACCOUNT, OR PIN","C486","Kavya Mock 486","+91 98385 00486","Apex Global Bank","XXXX-XXXX-4885","kavyamock486@trustpay","https://api.dicebear.com/9.x/initials/svg?seed=trustpay-c486","INR 3,73,245.00","6545","46-60","Advanced","INR 10,605.00","07:00-22:00","family@trustpay|Family Contact;utility@trustpay|Utility Payment;grocers@trustpay|Demo Grocers"
"SYNTHETIC TEST DATA - NOT A REAL PERSON, ACCOUNT, OR PIN","C487","Dev Training 487","+91 98386 00487","Apex Global Bank","XXXX-XXXX-4886","devtraining487@trustpay","https://api.dicebear.com/9.x/initials/svg?seed=trustpay-c487","INR 3,74,182.00","066778","61-75","Moderate","INR 10,678.00","09:00-19:00","clinic@trustpay|City Care Clinic;rent@trustpay|Rental Account;mobile@trustpay|Mobile Recharge"
"SYNTHETIC TEST DATA - NOT A REAL PERSON, ACCOUNT, OR PIN","C488","Tara Demo 488","+91 98387 00488","Apex Global Bank","XXXX-XXXX-4887","tarademo488@trustpay","https://api.dicebear.com/9.x/initials/svg?seed=trustpay-c488","INR 3,75,119.00","6579","18-30","Basic","INR 10,751.00","08:00-21:00","anand@apexbank|Anand (Son);tneb@trustpay|TNEB Electricity;nilgiris@trustpay|Nilgiris Supermarket"
"SYNTHETIC TEST DATA - NOT A REAL PERSON, ACCOUNT, OR PIN","C489","Ishaan Example 489","+91 98388 00489","Apex Global Bank","XXXX-XXXX-4888","ishaanexample489@trustpay","https://api.dicebear.com/9.x/initials/svg?seed=trustpay-c489","INR 3,76,056.00","067124","31-45","Advanced","INR 10,824.00","07:00-22:00","family@trustpay|Family Contact;utility@trustpay|Utility Payment;grocers@trustpay|Demo Grocers"
"SYNTHETIC TEST DATA - NOT A REAL PERSON, ACCOUNT, OR PIN","C490","Naina Sandbox 490","+91 98389 00490","Apex Global Bank","XXXX-XXXX-4889","nainasandbox490@trustpay","https://api.dicebear.com/9.x/initials/svg?seed=trustpay-c490","INR 3,76,993.00","6613","46-60","Moderate","INR 10,897.00","09:00-19:00","clinic@trustpay|City Care Clinic;rent@trustpay|Rental Account;mobile@trustpay|Mobile Recharge"
"SYNTHETIC TEST DATA - NOT A REAL PERSON, ACCOUNT, OR PIN","C491","Reyansh Iyer 491","+91 98390 00491","Apex Global Bank","XXXX-XXXX-4890","reyanshiyer491@trustpay","https://api.dicebear.com/9.x/initials/svg?seed=trustpay-c491","INR 3,77,930.00","067470","61-75","Basic","INR 10,970.00","08:00-21:00","anand@apexbank|Anand (Son);tneb@trustpay|TNEB Electricity;nilgiris@trustpay|Nilgiris Supermarket"
"SYNTHETIC TEST DATA - NOT A REAL PERSON, ACCOUNT, OR PIN","C492","Aditi Test 492","+91 98391 00492","Apex Global Bank","XXXX-XXXX-4891","adititest492@trustpay","https://api.dicebear.com/9.x/initials/svg?seed=trustpay-c492","INR 3,78,867.00","6647","18-30","Advanced","INR 11,043.00","07:00-22:00","family@trustpay|Family Contact;utility@trustpay|Utility Payment;grocers@trustpay|Demo Grocers"
"SYNTHETIC TEST DATA - NOT A REAL PERSON, ACCOUNT, OR PIN","C493","Neil Prototype 493","+91 98392 00493","Apex Global Bank","XXXX-XXXX-4892","neilprototype493@trustpay","https://api.dicebear.com/9.x/initials/svg?seed=trustpay-c493","INR 3,79,804.00","067816","31-45","Moderate","INR 11,116.00","09:00-19:00","clinic@trustpay|City Care Clinic;rent@trustpay|Rental Account;mobile@trustpay|Mobile Recharge"
"SYNTHETIC TEST DATA - NOT A REAL PERSON, ACCOUNT, OR PIN","C494","Mira Fictional 494","+91 98393 00494","Apex Global Bank","XXXX-XXXX-4893","mirafictional494@trustpay","https://api.dicebear.com/9.x/initials/svg?seed=trustpay-c494","INR 3,80,741.00","6681","46-60","Basic","INR 11,189.00","08:00-21:00","anand@apexbank|Anand (Son);tneb@trustpay|TNEB Electricity;nilgiris@trustpay|Nilgiris Supermarket"
"SYNTHETIC TEST DATA - NOT A REAL PERSON, ACCOUNT, OR PIN","C495","Yash Sample 495","+91 98394 00495","Apex Global Bank","XXXX-XXXX-4894","yashsample495@trustpay","https://api.dicebear.com/9.x/initials/svg?seed=trustpay-c495","INR 3,81,678.00","068162","61-75","Advanced","INR 11,262.00","07:00-22:00","family@trustpay|Family Contact;utility@trustpay|Utility Payment;grocers@trustpay|Demo Grocers"
"SYNTHETIC TEST DATA - NOT A REAL PERSON, ACCOUNT, OR PIN","C496","Saanvi Mock 496","+91 98395 00496","Apex Global Bank","XXXX-XXXX-4895","saanvimock496@trustpay","https://api.dicebear.com/9.x/initials/svg?seed=trustpay-c496","INR 3,82,615.00","6715","18-30","Moderate","INR 11,335.00","09:00-19:00","clinic@trustpay|City Care Clinic;rent@trustpay|Rental Account;mobile@trustpay|Mobile Recharge"
"SYNTHETIC TEST DATA - NOT A REAL PERSON, ACCOUNT, OR PIN","C497","Advik Training 497","+91 98396 00497","Apex Global Bank","XXXX-XXXX-4896","adviktraining497@trustpay","https://api.dicebear.com/9.x/initials/svg?seed=trustpay-c497","INR 3,83,552.00","068508","31-45","Basic","INR 11,408.00","08:00-21:00","anand@apexbank|Anand (Son);tneb@trustpay|TNEB Electricity;nilgiris@trustpay|Nilgiris Supermarket"
"SYNTHETIC TEST DATA - NOT A REAL PERSON, ACCOUNT, OR PIN","C498","Riya Demo 498","+91 98397 00498","Apex Global Bank","XXXX-XXXX-4897","riyademo498@trustpay","https://api.dicebear.com/9.x/initials/svg?seed=trustpay-c498","INR 3,84,489.00","6749","46-60","Advanced","INR 11,481.00","07:00-22:00","family@trustpay|Family Contact;utility@trustpay|Utility Payment;grocers@trustpay|Demo Grocers"
"SYNTHETIC TEST DATA - NOT A REAL PERSON, ACCOUNT, OR PIN","C499","Karan Example 499","+91 98398 00499","Apex Global Bank","XXXX-XXXX-4898","karanexample499@trustpay","https://api.dicebear.com/9.x/initials/svg?seed=trustpay-c499","INR 3,85,426.00","068854","61-75","Moderate","INR 11,554.00","09:00-19:00","clinic@trustpay|City Care Clinic;rent@trustpay|Rental Account;mobile@trustpay|Mobile Recharge"
"SYNTHETIC TEST DATA - NOT A REAL PERSON, ACCOUNT, OR PIN","C500","Pooja Sandbox 500","+91 98399 00500","Apex Global Bank","XXXX-XXXX-4899","poojasandbox500@trustpay","https://api.dicebear.com/9.x/initials/svg?seed=trustpay-c500","INR 3,86,363.00","6783","18-30","Basic","INR 11,627.00","08:00-21:00","anand@apexbank|Anand (Son);tneb@trustpay|TNEB Electricity;nilgiris@trustpay|Nilgiris Supermarket"
"SYNTHETIC TEST DATA - NOT A REAL PERSON, ACCOUNT, OR PIN","C501","Ramaswamy Iyer 501","+91 98400 00501","Apex Global Bank","XXXX-XXXX-4800","ramaswamyiyer501@trustpay","https://api.dicebear.com/9.x/initials/svg?seed=trustpay-c501","INR 3,87,300.00","069200","31-45","Advanced","INR 11,700.00","07:00-22:00","family@trustpay|Family Contact;utility@trustpay|Utility Payment;grocers@trustpay|Demo Grocers"
"SYNTHETIC TEST DATA - NOT A REAL PERSON, ACCOUNT, OR PIN","C502","Aarav Test 502","+91 98401 00502","Apex Global Bank","XXXX-XXXX-4801","aaravtest502@trustpay","https://api.dicebear.com/9.x/initials/svg?seed=trustpay-c502","INR 3,88,237.00","6817","46-60","Moderate","INR 11,773.00","09:00-19:00","clinic@trustpay|City Care Clinic;rent@trustpay|Rental Account;mobile@trustpay|Mobile Recharge"
"SYNTHETIC TEST DATA - NOT A REAL PERSON, ACCOUNT, OR PIN","C503","Diya Prototype 503","+91 98402 00503","Apex Global Bank","XXXX-XXXX-4802","diyaprototype503@trustpay","https://api.dicebear.com/9.x/initials/svg?seed=trustpay-c503","INR 3,89,174.00","069546","61-75","Basic","INR 11,846.00","08:00-21:00","anand@apexbank|Anand (Son);tneb@trustpay|TNEB Electricity;nilgiris@trustpay|Nilgiris Supermarket"
"SYNTHETIC TEST DATA - NOT A REAL PERSON, ACCOUNT, OR PIN","C504","Kabir Fictional 504","+91 98403 00504","Apex Global Bank","XXXX-XXXX-4803","kabirfictional504@trustpay","https://api.dicebear.com/9.x/initials/svg?seed=trustpay-c504","INR 3,90,111.00","6851","18-30","Advanced","INR 11,919.00","07:00-22:00","family@trustpay|Family Contact;utility@trustpay|Utility Payment;grocers@trustpay|Demo Grocers"
"SYNTHETIC TEST DATA - NOT A REAL PERSON, ACCOUNT, OR PIN","C505","Meera Sample 505","+91 98404 00505","Apex Global Bank","XXXX-XXXX-4804","meerasample505@trustpay","https://api.dicebear.com/9.x/initials/svg?seed=trustpay-c505","INR 3,91,048.00","069892","31-45","Moderate","INR 11,992.00","09:00-19:00","clinic@trustpay|City Care Clinic;rent@trustpay|Rental Account;mobile@trustpay|Mobile Recharge"
"SYNTHETIC TEST DATA - NOT A REAL PERSON, ACCOUNT, OR PIN","C506","Arjun Mock 506","+91 98405 00506","Apex Global Bank","XXXX-XXXX-4805","arjunmock506@trustpay","https://api.dicebear.com/9.x/initials/svg?seed=trustpay-c506","INR 3,91,985.00","6885","46-60","Basic","INR 12,065.00","08:00-21:00","anand@apexbank|Anand (Son);tneb@trustpay|TNEB Electricity;nilgiris@trustpay|Nilgiris Supermarket"
"SYNTHETIC TEST DATA - NOT A REAL PERSON, ACCOUNT, OR PIN","C507","Anaya Training 507","+91 98406 00507","Apex Global Bank","XXXX-XXXX-4806","anayatraining507@trustpay","https://api.dicebear.com/9.x/initials/svg?seed=trustpay-c507","INR 3,92,922.00","070238","61-75","Advanced","INR 12,138.00","07:00-22:00","family@trustpay|Family Contact;utility@trustpay|Utility Payment;grocers@trustpay|Demo Grocers"
"SYNTHETIC TEST DATA - NOT A REAL PERSON, ACCOUNT, OR PIN","C508","Vihaan Demo 508","+91 98407 00508","Apex Global Bank","XXXX-XXXX-4807","vihaandemo508@trustpay","https://api.dicebear.com/9.x/initials/svg?seed=trustpay-c508","INR 3,93,859.00","6919","18-30","Moderate","INR 12,211.00","09:00-19:00","clinic@trustpay|City Care Clinic;rent@trustpay|Rental Account;mobile@trustpay|Mobile Recharge"
"SYNTHETIC TEST DATA - NOT A REAL PERSON, ACCOUNT, OR PIN","C509","Isha Example 509","+91 98408 00509","Apex Global Bank","XXXX-XXXX-4808","ishaexample509@trustpay","https://api.dicebear.com/9.x/initials/svg?seed=trustpay-c509","INR 3,94,796.00","070584","31-45","Basic","INR 12,284.00","08:00-21:00","anand@apexbank|Anand (Son);tneb@trustpay|TNEB Electricity;nilgiris@trustpay|Nilgiris Supermarket"
"SYNTHETIC TEST DATA - NOT A REAL PERSON, ACCOUNT, OR PIN","C510","Rohan Sandbox 510","+91 98409 00510","Apex Global Bank","XXXX-XXXX-4809","rohansandbox510@trustpay","https://api.dicebear.com/9.x/initials/svg?seed=trustpay-c510","INR 3,95,733.00","6953","46-60","Advanced","INR 12,357.00","07:00-22:00","family@trustpay|Family Contact;utility@trustpay|Utility Payment;grocers@trustpay|Demo Grocers"
"SYNTHETIC TEST DATA - NOT A REAL PERSON, ACCOUNT, OR PIN","C511","Kavya Iyer 511","+91 98410 00511","Apex Global Bank","XXXX-XXXX-4810","kavyaiyer511@trustpay","https://api.dicebear.com/9.x/initials/svg?seed=trustpay-c511","INR 3,96,670.00","070930","61-75","Moderate","INR 12,430.00","09:00-19:00","clinic@trustpay|City Care Clinic;rent@trustpay|Rental Account;mobile@trustpay|Mobile Recharge"
"SYNTHETIC TEST DATA - NOT A REAL PERSON, ACCOUNT, OR PIN","C512","Dev Test 512","+91 98411 00512","Apex Global Bank","XXXX-XXXX-4811","devtest512@trustpay","https://api.dicebear.com/9.x/initials/svg?seed=trustpay-c512","INR 3,97,607.00","6987","18-30","Basic","INR 12,503.00","08:00-21:00","anand@apexbank|Anand (Son);tneb@trustpay|TNEB Electricity;nilgiris@trustpay|Nilgiris Supermarket"
"SYNTHETIC TEST DATA - NOT A REAL PERSON, ACCOUNT, OR PIN","C513","Tara Prototype 513","+91 98412 00513","Apex Global Bank","XXXX-XXXX-4812","taraprototype513@trustpay","https://api.dicebear.com/9.x/initials/svg?seed=trustpay-c513","INR 3,98,544.00","071276","31-45","Advanced","INR 12,576.00","07:00-22:00","family@trustpay|Family Contact;utility@trustpay|Utility Payment;grocers@trustpay|Demo Grocers"
"SYNTHETIC TEST DATA - NOT A REAL PERSON, ACCOUNT, OR PIN","C514","Ishaan Fictional 514","+91 98413 00514","Apex Global Bank","XXXX-XXXX-4813","ishaanfictional514@trustpay","https://api.dicebear.com/9.x/initials/svg?seed=trustpay-c514","INR 3,99,481.00","7021","46-60","Moderate","INR 12,649.00","09:00-19:00","clinic@trustpay|City Care Clinic;rent@trustpay|Rental Account;mobile@trustpay|Mobile Recharge"
"SYNTHETIC TEST DATA - NOT A REAL PERSON, ACCOUNT, OR PIN","C515","Naina Sample 515","+91 98414 00515","Apex Global Bank","XXXX-XXXX-4814","nainasample515@trustpay","https://api.dicebear.com/9.x/initials/svg?seed=trustpay-c515","INR 4,00,418.00","071622","61-75","Basic","INR 12,722.00","08:00-21:00","anand@apexbank|Anand (Son);tneb@trustpay|TNEB Electricity;nilgiris@trustpay|Nilgiris Supermarket"
"SYNTHETIC TEST DATA - NOT A REAL PERSON, ACCOUNT, OR PIN","C516","Reyansh Mock 516","+91 98415 00516","Apex Global Bank","XXXX-XXXX-4815","reyanshmock516@trustpay","https://api.dicebear.com/9.x/initials/svg?seed=trustpay-c516","INR 4,01,355.00","7055","18-30","Advanced","INR 12,795.00","07:00-22:00","family@trustpay|Family Contact;utility@trustpay|Utility Payment;grocers@trustpay|Demo Grocers"
"SYNTHETIC TEST DATA - NOT A REAL PERSON, ACCOUNT, OR PIN","C517","Aditi Training 517","+91 98416 00517","Apex Global Bank","XXXX-XXXX-4816","adititraining517@trustpay","https://api.dicebear.com/9.x/initials/svg?seed=trustpay-c517","INR 4,02,292.00","071968","31-45","Moderate","INR 12,868.00","09:00-19:00","clinic@trustpay|City Care Clinic;rent@trustpay|Rental Account;mobile@trustpay|Mobile Recharge"
"SYNTHETIC TEST DATA - NOT A REAL PERSON, ACCOUNT, OR PIN","C518","Neil Demo 518","+91 98417 00518","Apex Global Bank","XXXX-XXXX-4817","neildemo518@trustpay","https://api.dicebear.com/9.x/initials/svg?seed=trustpay-c518","INR 4,03,229.00","7089","46-60","Basic","INR 12,941.00","08:00-21:00","anand@apexbank|Anand (Son);tneb@trustpay|TNEB Electricity;nilgiris@trustpay|Nilgiris Supermarket"
"SYNTHETIC TEST DATA - NOT A REAL PERSON, ACCOUNT, OR PIN","C519","Mira Example 519","+91 98418 00519","Apex Global Bank","XXXX-XXXX-4818","miraexample519@trustpay","https://api.dicebear.com/9.x/initials/svg?seed=trustpay-c519","INR 4,04,166.00","072314","61-75","Advanced","INR 13,014.00","07:00-22:00","family@trustpay|Family Contact;utility@trustpay|Utility Payment;grocers@trustpay|Demo Grocers"
"SYNTHETIC TEST DATA - NOT A REAL PERSON, ACCOUNT, OR PIN","C520","Yash Sandbox 520","+91 98419 00520","Apex Global Bank","XXXX-XXXX-4819","yashsandbox520@trustpay","https://api.dicebear.com/9.x/initials/svg?seed=trustpay-c520","INR 4,05,103.00","7123","18-30","Moderate","INR 13,087.00","09:00-19:00","clinic@trustpay|City Care Clinic;rent@trustpay|Rental Account;mobile@trustpay|Mobile Recharge"
"SYNTHETIC TEST DATA - NOT A REAL PERSON, ACCOUNT, OR PIN","C521","Saanvi Iyer 521","+91 98420 00521","Apex Global Bank","XXXX-XXXX-4820","saanviiyer521@trustpay","https://api.dicebear.com/9.x/initials/svg?seed=trustpay-c521","INR 4,06,040.00","072660","31-45","Basic","INR 13,160.00","08:00-21:00","anand@apexbank|Anand (Son);tneb@trustpay|TNEB Electricity;nilgiris@trustpay|Nilgiris Supermarket"
"SYNTHETIC TEST DATA - NOT A REAL PERSON, ACCOUNT, OR PIN","C522","Advik Test 522","+91 98421 00522","Apex Global Bank","XXXX-XXXX-4821","adviktest522@trustpay","https://api.dicebear.com/9.x/initials/svg?seed=trustpay-c522","INR 4,06,977.00","7157","46-60","Advanced","INR 13,233.00","07:00-22:00","family@trustpay|Family Contact;utility@trustpay|Utility Payment;grocers@trustpay|Demo Grocers"
"SYNTHETIC TEST DATA - NOT A REAL PERSON, ACCOUNT, OR PIN","C523","Riya Prototype 523","+91 98422 00523","Apex Global Bank","XXXX-XXXX-4822","riyaprototype523@trustpay","https://api.dicebear.com/9.x/initials/svg?seed=trustpay-c523","INR 4,07,914.00","073006","61-75","Moderate","INR 13,306.00","09:00-19:00","clinic@trustpay|City Care Clinic;rent@trustpay|Rental Account;mobile@trustpay|Mobile Recharge"
"SYNTHETIC TEST DATA - NOT A REAL PERSON, ACCOUNT, OR PIN","C524","Karan Fictional 524","+91 98423 00524","Apex Global Bank","XXXX-XXXX-4823","karanfictional524@trustpay","https://api.dicebear.com/9.x/initials/svg?seed=trustpay-c524","INR 4,08,851.00","7191","18-30","Basic","INR 13,379.00","08:00-21:00","anand@apexbank|Anand (Son);tneb@trustpay|TNEB Electricity;nilgiris@trustpay|Nilgiris Supermarket"
"SYNTHETIC TEST DATA - NOT A REAL PERSON, ACCOUNT, OR PIN","C525","Pooja Sample 525","+91 98424 00525","Apex Global Bank","XXXX-XXXX-4824","poojasample525@trustpay","https://api.dicebear.com/9.x/initials/svg?seed=trustpay-c525","INR 4,09,788.00","073352","31-45","Advanced","INR 13,452.00","07:00-22:00","family@trustpay|Family Contact;utility@trustpay|Utility Payment;grocers@trustpay|Demo Grocers"
"SYNTHETIC TEST DATA - NOT A REAL PERSON, ACCOUNT, OR PIN","C526","Ramaswamy Mock 526","+91 98425 00526","Apex Global Bank","XXXX-XXXX-4825","ramaswamymock526@trustpay","https://api.dicebear.com/9.x/initials/svg?seed=trustpay-c526","INR 4,10,725.00","7225","46-60","Moderate","INR 13,525.00","09:00-19:00","clinic@trustpay|City Care Clinic;rent@trustpay|Rental Account;mobile@trustpay|Mobile Recharge"
"SYNTHETIC TEST DATA - NOT A REAL PERSON, ACCOUNT, OR PIN","C527","Aarav Training 527","+91 98426 00527","Apex Global Bank","XXXX-XXXX-4826","aaravtraining527@trustpay","https://api.dicebear.com/9.x/initials/svg?seed=trustpay-c527","INR 4,11,662.00","073698","61-75","Basic","INR 13,598.00","08:00-21:00","anand@apexbank|Anand (Son);tneb@trustpay|TNEB Electricity;nilgiris@trustpay|Nilgiris Supermarket"
"SYNTHETIC TEST DATA - NOT A REAL PERSON, ACCOUNT, OR PIN","C528","Diya Demo 528","+91 98427 00528","Apex Global Bank","XXXX-XXXX-4827","diyademo528@trustpay","https://api.dicebear.com/9.x/initials/svg?seed=trustpay-c528","INR 4,12,599.00","7259","18-30","Advanced","INR 13,671.00","07:00-22:00","family@trustpay|Family Contact;utility@trustpay|Utility Payment;grocers@trustpay|Demo Grocers"
"SYNTHETIC TEST DATA - NOT A REAL PERSON, ACCOUNT, OR PIN","C529","Kabir Example 529","+91 98428 00529","Apex Global Bank","XXXX-XXXX-4828","kabirexample529@trustpay","https://api.dicebear.com/9.x/initials/svg?seed=trustpay-c529","INR 4,13,536.00","074044","31-45","Moderate","INR 13,744.00","09:00-19:00","clinic@trustpay|City Care Clinic;rent@trustpay|Rental Account;mobile@trustpay|Mobile Recharge"
"SYNTHETIC TEST DATA - NOT A REAL PERSON, ACCOUNT, OR PIN","C530","Meera Sandbox 530","+91 98429 00530","Apex Global Bank","XXXX-XXXX-4829","meerasandbox530@trustpay","https://api.dicebear.com/9.x/initials/svg?seed=trustpay-c530","INR 4,14,473.00","7293","46-60","Basic","INR 13,817.00","08:00-21:00","anand@apexbank|Anand (Son);tneb@trustpay|TNEB Electricity;nilgiris@trustpay|Nilgiris Supermarket"
"SYNTHETIC TEST DATA - NOT A REAL PERSON, ACCOUNT, OR PIN","C531","Arjun Iyer 531","+91 98430 00531","Apex Global Bank","XXXX-XXXX-4830","arjuniyer531@trustpay","https://api.dicebear.com/9.x/initials/svg?seed=trustpay-c531","INR 4,15,410.00","074390","61-75","Advanced","INR 13,890.00","07:00-22:00","family@trustpay|Family Contact;utility@trustpay|Utility Payment;grocers@trustpay|Demo Grocers"
"SYNTHETIC TEST DATA - NOT A REAL PERSON, ACCOUNT, OR PIN","C532","Anaya Test 532","+91 98431 00532","Apex Global Bank","XXXX-XXXX-4831","anayatest532@trustpay","https://api.dicebear.com/9.x/initials/svg?seed=trustpay-c532","INR 4,16,347.00","7327","18-30","Moderate","INR 13,963.00","09:00-19:00","clinic@trustpay|City Care Clinic;rent@trustpay|Rental Account;mobile@trustpay|Mobile Recharge"
"SYNTHETIC TEST DATA - NOT A REAL PERSON, ACCOUNT, OR PIN","C533","Vihaan Prototype 533","+91 98432 00533","Apex Global Bank","XXXX-XXXX-4832","vihaanprototype533@trustpay","https://api.dicebear.com/9.x/initials/svg?seed=trustpay-c533","INR 4,17,284.00","074736","31-45","Basic","INR 14,036.00","08:00-21:00","anand@apexbank|Anand (Son);tneb@trustpay|TNEB Electricity;nilgiris@trustpay|Nilgiris Supermarket"
"SYNTHETIC TEST DATA - NOT A REAL PERSON, ACCOUNT, OR PIN","C534","Isha Fictional 534","+91 98433 00534","Apex Global Bank","XXXX-XXXX-4833","ishafictional534@trustpay","https://api.dicebear.com/9.x/initials/svg?seed=trustpay-c534","INR 4,18,221.00","7361","46-60","Advanced","INR 14,109.00","07:00-22:00","family@trustpay|Family Contact;utility@trustpay|Utility Payment;grocers@trustpay|Demo Grocers"
"SYNTHETIC TEST DATA - NOT A REAL PERSON, ACCOUNT, OR PIN","C535","Rohan Sample 535","+91 98434 00535","Apex Global Bank","XXXX-XXXX-4834","rohansample535@trustpay","https://api.dicebear.com/9.x/initials/svg?seed=trustpay-c535","INR 4,19,158.00","075082","61-75","Moderate","INR 14,182.00","09:00-19:00","clinic@trustpay|City Care Clinic;rent@trustpay|Rental Account;mobile@trustpay|Mobile Recharge"
"SYNTHETIC TEST DATA - NOT A REAL PERSON, ACCOUNT, OR PIN","C536","Kavya Mock 536","+91 98435 00536","Apex Global Bank","XXXX-XXXX-4835","kavyamock536@trustpay","https://api.dicebear.com/9.x/initials/svg?seed=trustpay-c536","INR 4,20,095.00","7395","18-30","Basic","INR 14,255.00","08:00-21:00","anand@apexbank|Anand (Son);tneb@trustpay|TNEB Electricity;nilgiris@trustpay|Nilgiris Supermarket"
"SYNTHETIC TEST DATA - NOT A REAL PERSON, ACCOUNT, OR PIN","C537","Dev Training 537","+91 98436 00537","Apex Global Bank","XXXX-XXXX-4836","devtraining537@trustpay","https://api.dicebear.com/9.x/initials/svg?seed=trustpay-c537","INR 4,21,032.00","075428","31-45","Advanced","INR 14,328.00","07:00-22:00","family@trustpay|Family Contact;utility@trustpay|Utility Payment;grocers@trustpay|Demo Grocers"
"SYNTHETIC TEST DATA - NOT A REAL PERSON, ACCOUNT, OR PIN","C538","Tara Demo 538","+91 98437 00538","Apex Global Bank","XXXX-XXXX-4837","tarademo538@trustpay","https://api.dicebear.com/9.x/initials/svg?seed=trustpay-c538","INR 4,21,969.00","7429","46-60","Moderate","INR 14,401.00","09:00-19:00","clinic@trustpay|City Care Clinic;rent@trustpay|Rental Account;mobile@trustpay|Mobile Recharge"
"SYNTHETIC TEST DATA - NOT A REAL PERSON, ACCOUNT, OR PIN","C539","Ishaan Example 539","+91 98438 00539","Apex Global Bank","XXXX-XXXX-4838","ishaanexample539@trustpay","https://api.dicebear.com/9.x/initials/svg?seed=trustpay-c539","INR 4,22,906.00","075774","61-75","Basic","INR 14,474.00","08:00-21:00","anand@apexbank|Anand (Son);tneb@trustpay|TNEB Electricity;nilgiris@trustpay|Nilgiris Supermarket"
"SYNTHETIC TEST DATA - NOT A REAL PERSON, ACCOUNT, OR PIN","C540","Naina Sandbox 540","+91 98439 00540","Apex Global Bank","XXXX-XXXX-4839","nainasandbox540@trustpay","https://api.dicebear.com/9.x/initials/svg?seed=trustpay-c540","INR 4,23,843.00","7463","18-30","Advanced","INR 14,547.00","07:00-22:00","family@trustpay|Family Contact;utility@trustpay|Utility Payment;grocers@trustpay|Demo Grocers"
"SYNTHETIC TEST DATA - NOT A REAL PERSON, ACCOUNT, OR PIN","C541","Reyansh Iyer 541","+91 98440 00541","Apex Global Bank","XXXX-XXXX-4840","reyanshiyer541@trustpay","https://api.dicebear.com/9.x/initials/svg?seed=trustpay-c541","INR 4,24,780.00","076120","31-45","Moderate","INR 14,620.00","09:00-19:00","clinic@trustpay|City Care Clinic;rent@trustpay|Rental Account;mobile@trustpay|Mobile Recharge"
"SYNTHETIC TEST DATA - NOT A REAL PERSON, ACCOUNT, OR PIN","C542","Aditi Test 542","+91 98441 00542","Apex Global Bank","XXXX-XXXX-4841","adititest542@trustpay","https://api.dicebear.com/9.x/initials/svg?seed=trustpay-c542","INR 4,25,717.00","7497","46-60","Basic","INR 14,693.00","08:00-21:00","anand@apexbank|Anand (Son);tneb@trustpay|TNEB Electricity;nilgiris@trustpay|Nilgiris Supermarket"
"SYNTHETIC TEST DATA - NOT A REAL PERSON, ACCOUNT, OR PIN","C543","Neil Prototype 543","+91 98442 00543","Apex Global Bank","XXXX-XXXX-4842","neilprototype543@trustpay","https://api.dicebear.com/9.x/initials/svg?seed=trustpay-c543","INR 4,26,654.00","076466","61-75","Advanced","INR 14,766.00","07:00-22:00","family@trustpay|Family Contact;utility@trustpay|Utility Payment;grocers@trustpay|Demo Grocers"
"SYNTHETIC TEST DATA - NOT A REAL PERSON, ACCOUNT, OR PIN","C544","Mira Fictional 544","+91 98443 00544","Apex Global Bank","XXXX-XXXX-4843","mirafictional544@trustpay","https://api.dicebear.com/9.x/initials/svg?seed=trustpay-c544","INR 4,27,591.00","7531","18-30","Moderate","INR 14,839.00","09:00-19:00","clinic@trustpay|City Care Clinic;rent@trustpay|Rental Account;mobile@trustpay|Mobile Recharge"
"SYNTHETIC TEST DATA - NOT A REAL PERSON, ACCOUNT, OR PIN","C545","Yash Sample 545","+91 98444 00545","Apex Global Bank","XXXX-XXXX-4844","yashsample545@trustpay","https://api.dicebear.com/9.x/initials/svg?seed=trustpay-c545","INR 4,28,528.00","076812","31-45","Basic","INR 14,912.00","08:00-21:00","anand@apexbank|Anand (Son);tneb@trustpay|TNEB Electricity;nilgiris@trustpay|Nilgiris Supermarket"
"SYNTHETIC TEST DATA - NOT A REAL PERSON, ACCOUNT, OR PIN","C546","Saanvi Mock 546","+91 98445 00546","Apex Global Bank","XXXX-XXXX-4845","saanvimock546@trustpay","https://api.dicebear.com/9.x/initials/svg?seed=trustpay-c546","INR 4,29,465.00","7565","46-60","Advanced","INR 14,985.00","07:00-22:00","family@trustpay|Family Contact;utility@trustpay|Utility Payment;grocers@trustpay|Demo Grocers"
"SYNTHETIC TEST DATA - NOT A REAL PERSON, ACCOUNT, OR PIN","C547","Advik Training 547","+91 98446 00547","Apex Global Bank","XXXX-XXXX-4846","adviktraining547@trustpay","https://api.dicebear.com/9.x/initials/svg?seed=trustpay-c547","INR 4,30,402.00","077158","61-75","Moderate","INR 15,058.00","09:00-19:00","clinic@trustpay|City Care Clinic;rent@trustpay|Rental Account;mobile@trustpay|Mobile Recharge"
"SYNTHETIC TEST DATA - NOT A REAL PERSON, ACCOUNT, OR PIN","C548","Riya Demo 548","+91 98447 00548","Apex Global Bank","XXXX-XXXX-4847","riyademo548@trustpay","https://api.dicebear.com/9.x/initials/svg?seed=trustpay-c548","INR 4,31,339.00","7599","18-30","Basic","INR 15,131.00","08:00-21:00","anand@apexbank|Anand (Son);tneb@trustpay|TNEB Electricity;nilgiris@trustpay|Nilgiris Supermarket"
"SYNTHETIC TEST DATA - NOT A REAL PERSON, ACCOUNT, OR PIN","C549","Karan Example 549","+91 98448 00549","Apex Global Bank","XXXX-XXXX-4848","karanexample549@trustpay","https://api.dicebear.com/9.x/initials/svg?seed=trustpay-c549","INR 4,32,276.00","077504","31-45","Advanced","INR 15,204.00","07:00-22:00","family@trustpay|Family Contact;utility@trustpay|Utility Payment;grocers@trustpay|Demo Grocers"
"SYNTHETIC TEST DATA - NOT A REAL PERSON, ACCOUNT, OR PIN","C550","Pooja Sandbox 550","+91 98449 00550","Apex Global Bank","XXXX-XXXX-4849","poojasandbox550@trustpay","https://api.dicebear.com/9.x/initials/svg?seed=trustpay-c550","INR 4,33,213.00","7633","46-60","Moderate","INR 15,277.00","09:00-19:00","clinic@trustpay|City Care Clinic;rent@trustpay|Rental Account;mobile@trustpay|Mobile Recharge"
"SYNTHETIC TEST DATA - NOT A REAL PERSON, ACCOUNT, OR PIN","C551","Ramaswamy Iyer 551","+91 98450 00551","Apex Global Bank","XXXX-XXXX-4850","ramaswamyiyer551@trustpay","https://api.dicebear.com/9.x/initials/svg?seed=trustpay-c551","INR 4,34,150.00","077850","61-75","Basic","INR 15,350.00","08:00-21:00","anand@apexbank|Anand (Son);tneb@trustpay|TNEB Electricity;nilgiris@trustpay|Nilgiris Supermarket"
"SYNTHETIC TEST DATA - NOT A REAL PERSON, ACCOUNT, OR PIN","C552","Aarav Test 552","+91 98451 00552","Apex Global Bank","XXXX-XXXX-4851","aaravtest552@trustpay","https://api.dicebear.com/9.x/initials/svg?seed=trustpay-c552","INR 4,35,087.00","7667","18-30","Advanced","INR 15,423.00","07:00-22:00","family@trustpay|Family Contact;utility@trustpay|Utility Payment;grocers@trustpay|Demo Grocers"
"SYNTHETIC TEST DATA - NOT A REAL PERSON, ACCOUNT, OR PIN","C553","Diya Prototype 553","+91 98452 00553","Apex Global Bank","XXXX-XXXX-4852","diyaprototype553@trustpay","https://api.dicebear.com/9.x/initials/svg?seed=trustpay-c553","INR 4,36,024.00","078196","31-45","Moderate","INR 15,496.00","09:00-19:00","clinic@trustpay|City Care Clinic;rent@trustpay|Rental Account;mobile@trustpay|Mobile Recharge"
"SYNTHETIC TEST DATA - NOT A REAL PERSON, ACCOUNT, OR PIN","C554","Kabir Fictional 554","+91 98453 00554","Apex Global Bank","XXXX-XXXX-4853","kabirfictional554@trustpay","https://api.dicebear.com/9.x/initials/svg?seed=trustpay-c554","INR 4,36,961.00","7701","46-60","Basic","INR 15,569.00","08:00-21:00","anand@apexbank|Anand (Son);tneb@trustpay|TNEB Electricity;nilgiris@trustpay|Nilgiris Supermarket"
"SYNTHETIC TEST DATA - NOT A REAL PERSON, ACCOUNT, OR PIN","C555","Meera Sample 555","+91 98454 00555","Apex Global Bank","XXXX-XXXX-4854","meerasample555@trustpay","https://api.dicebear.com/9.x/initials/svg?seed=trustpay-c555","INR 4,37,898.00","078542","61-75","Advanced","INR 15,642.00","07:00-22:00","family@trustpay|Family Contact;utility@trustpay|Utility Payment;grocers@trustpay|Demo Grocers"
"SYNTHETIC TEST DATA - NOT A REAL PERSON, ACCOUNT, OR PIN","C556","Arjun Mock 556","+91 98455 00556","Apex Global Bank","XXXX-XXXX-4855","arjunmock556@trustpay","https://api.dicebear.com/9.x/initials/svg?seed=trustpay-c556","INR 4,38,835.00","7735","18-30","Moderate","INR 15,715.00","09:00-19:00","clinic@trustpay|City Care Clinic;rent@trustpay|Rental Account;mobile@trustpay|Mobile Recharge"
"SYNTHETIC TEST DATA - NOT A REAL PERSON, ACCOUNT, OR PIN","C557","Anaya Training 557","+91 98456 00557","Apex Global Bank","XXXX-XXXX-4856","anayatraining557@trustpay","https://api.dicebear.com/9.x/initials/svg?seed=trustpay-c557","INR 4,39,772.00","078888","31-45","Basic","INR 15,788.00","08:00-21:00","anand@apexbank|Anand (Son);tneb@trustpay|TNEB Electricity;nilgiris@trustpay|Nilgiris Supermarket"
"SYNTHETIC TEST DATA - NOT A REAL PERSON, ACCOUNT, OR PIN","C558","Vihaan Demo 558","+91 98457 00558","Apex Global Bank","XXXX-XXXX-4857","vihaandemo558@trustpay","https://api.dicebear.com/9.x/initials/svg?seed=trustpay-c558","INR 4,40,709.00","7769","46-60","Advanced","INR 15,861.00","07:00-22:00","family@trustpay|Family Contact;utility@trustpay|Utility Payment;grocers@trustpay|Demo Grocers"
"SYNTHETIC TEST DATA - NOT A REAL PERSON, ACCOUNT, OR PIN","C559","Isha Example 559","+91 98458 00559","Apex Global Bank","XXXX-XXXX-4858","ishaexample559@trustpay","https://api.dicebear.com/9.x/initials/svg?seed=trustpay-c559","INR 4,41,646.00","079234","61-75","Moderate","INR 15,934.00","09:00-19:00","clinic@trustpay|City Care Clinic;rent@trustpay|Rental Account;mobile@trustpay|Mobile Recharge"
"SYNTHETIC TEST DATA - NOT A REAL PERSON, ACCOUNT, OR PIN","C560","Rohan Sandbox 560","+91 98459 00560","Apex Global Bank","XXXX-XXXX-4859","rohansandbox560@trustpay","https://api.dicebear.com/9.x/initials/svg?seed=trustpay-c560","INR 4,42,583.00","7803","18-30","Basic","INR 16,007.00","08:00-21:00","anand@apexbank|Anand (Son);tneb@trustpay|TNEB Electricity;nilgiris@trustpay|Nilgiris Supermarket"
"SYNTHETIC TEST DATA - NOT A REAL PERSON, ACCOUNT, OR PIN","C561","Kavya Iyer 561","+91 98460 00561","Apex Global Bank","XXXX-XXXX-4860","kavyaiyer561@trustpay","https://api.dicebear.com/9.x/initials/svg?seed=trustpay-c561","INR 4,43,520.00","079580","31-45","Advanced","INR 16,080.00","07:00-22:00","family@trustpay|Family Contact;utility@trustpay|Utility Payment;grocers@trustpay|Demo Grocers"
"SYNTHETIC TEST DATA - NOT A REAL PERSON, ACCOUNT, OR PIN","C562","Dev Test 562","+91 98461 00562","Apex Global Bank","XXXX-XXXX-4861","devtest562@trustpay","https://api.dicebear.com/9.x/initials/svg?seed=trustpay-c562","INR 4,44,457.00","7837","46-60","Moderate","INR 16,153.00","09:00-19:00","clinic@trustpay|City Care Clinic;rent@trustpay|Rental Account;mobile@trustpay|Mobile Recharge"
"SYNTHETIC TEST DATA - NOT A REAL PERSON, ACCOUNT, OR PIN","C563","Tara Prototype 563","+91 98462 00563","Apex Global Bank","XXXX-XXXX-4862","taraprototype563@trustpay","https://api.dicebear.com/9.x/initials/svg?seed=trustpay-c563","INR 4,45,394.00","079926","61-75","Basic","INR 16,226.00","08:00-21:00","anand@apexbank|Anand (Son);tneb@trustpay|TNEB Electricity;nilgiris@trustpay|Nilgiris Supermarket"
"SYNTHETIC TEST DATA - NOT A REAL PERSON, ACCOUNT, OR PIN","C564","Ishaan Fictional 564","+91 98463 00564","Apex Global Bank","XXXX-XXXX-4863","ishaanfictional564@trustpay","https://api.dicebear.com/9.x/initials/svg?seed=trustpay-c564","INR 4,46,331.00","7871","18-30","Advanced","INR 16,299.00","07:00-22:00","family@trustpay|Family Contact;utility@trustpay|Utility Payment;grocers@trustpay|Demo Grocers"
"SYNTHETIC TEST DATA - NOT A REAL PERSON, ACCOUNT, OR PIN","C565","Naina Sample 565","+91 98464 00565","Apex Global Bank","XXXX-XXXX-4864","nainasample565@trustpay","https://api.dicebear.com/9.x/initials/svg?seed=trustpay-c565","INR 4,47,268.00","080272","31-45","Moderate","INR 16,372.00","09:00-19:00","clinic@trustpay|City Care Clinic;rent@trustpay|Rental Account;mobile@trustpay|Mobile Recharge"
"SYNTHETIC TEST DATA - NOT A REAL PERSON, ACCOUNT, OR PIN","C566","Reyansh Mock 566","+91 98465 00566","Apex Global Bank","XXXX-XXXX-4865","reyanshmock566@trustpay","https://api.dicebear.com/9.x/initials/svg?seed=trustpay-c566","INR 4,48,205.00","7905","46-60","Basic","INR 16,445.00","08:00-21:00","anand@apexbank|Anand (Son);tneb@trustpay|TNEB Electricity;nilgiris@trustpay|Nilgiris Supermarket"
"SYNTHETIC TEST DATA - NOT A REAL PERSON, ACCOUNT, OR PIN","C567","Aditi Training 567","+91 98466 00567","Apex Global Bank","XXXX-XXXX-4866","adititraining567@trustpay","https://api.dicebear.com/9.x/initials/svg?seed=trustpay-c567","INR 4,49,142.00","080618","61-75","Advanced","INR 16,518.00","07:00-22:00","family@trustpay|Family Contact;utility@trustpay|Utility Payment;grocers@trustpay|Demo Grocers"
"SYNTHETIC TEST DATA - NOT A REAL PERSON, ACCOUNT, OR PIN","C568","Neil Demo 568","+91 98467 00568","Apex Global Bank","XXXX-XXXX-4867","neildemo568@trustpay","https://api.dicebear.com/9.x/initials/svg?seed=trustpay-c568","INR 4,50,079.00","7939","18-30","Moderate","INR 16,591.00","09:00-19:00","clinic@trustpay|City Care Clinic;rent@trustpay|Rental Account;mobile@trustpay|Mobile Recharge"
"SYNTHETIC TEST DATA - NOT A REAL PERSON, ACCOUNT, OR PIN","C569","Mira Example 569","+91 98468 00569","Apex Global Bank","XXXX-XXXX-4868","miraexample569@trustpay","https://api.dicebear.com/9.x/initials/svg?seed=trustpay-c569","INR 4,51,016.00","080964","31-45","Basic","INR 16,664.00","08:00-21:00","anand@apexbank|Anand (Son);tneb@trustpay|TNEB Electricity;nilgiris@trustpay|Nilgiris Supermarket"
"SYNTHETIC TEST DATA - NOT A REAL PERSON, ACCOUNT, OR PIN","C570","Yash Sandbox 570","+91 98469 00570","Apex Global Bank","XXXX-XXXX-4869","yashsandbox570@trustpay","https://api.dicebear.com/9.x/initials/svg?seed=trustpay-c570","INR 4,51,953.00","7973","46-60","Advanced","INR 16,737.00","07:00-22:00","family@trustpay|Family Contact;utility@trustpay|Utility Payment;grocers@trustpay|Demo Grocers"
"SYNTHETIC TEST DATA - NOT A REAL PERSON, ACCOUNT, OR PIN","C571","Saanvi Iyer 571","+91 98470 00571","Apex Global Bank","XXXX-XXXX-4870","saanviiyer571@trustpay","https://api.dicebear.com/9.x/initials/svg?seed=trustpay-c571","INR 4,52,890.00","081310","61-75","Moderate","INR 16,810.00","09:00-19:00","clinic@trustpay|City Care Clinic;rent@trustpay|Rental Account;mobile@trustpay|Mobile Recharge"
"SYNTHETIC TEST DATA - NOT A REAL PERSON, ACCOUNT, OR PIN","C572","Advik Test 572","+91 98471 00572","Apex Global Bank","XXXX-XXXX-4871","adviktest572@trustpay","https://api.dicebear.com/9.x/initials/svg?seed=trustpay-c572","INR 4,53,827.00","8007","18-30","Basic","INR 16,883.00","08:00-21:00","anand@apexbank|Anand (Son);tneb@trustpay|TNEB Electricity;nilgiris@trustpay|Nilgiris Supermarket"
"SYNTHETIC TEST DATA - NOT A REAL PERSON, ACCOUNT, OR PIN","C573","Riya Prototype 573","+91 98472 00573","Apex Global Bank","XXXX-XXXX-4872","riyaprototype573@trustpay","https://api.dicebear.com/9.x/initials/svg?seed=trustpay-c573","INR 4,54,764.00","081656","31-45","Advanced","INR 16,956.00","07:00-22:00","family@trustpay|Family Contact;utility@trustpay|Utility Payment;grocers@trustpay|Demo Grocers"
"SYNTHETIC TEST DATA - NOT A REAL PERSON, ACCOUNT, OR PIN","C574","Karan Fictional 574","+91 98473 00574","Apex Global Bank","XXXX-XXXX-4873","karanfictional574@trustpay","https://api.dicebear.com/9.x/initials/svg?seed=trustpay-c574","INR 4,55,701.00","8041","46-60","Moderate","INR 17,029.00","09:00-19:00","clinic@trustpay|City Care Clinic;rent@trustpay|Rental Account;mobile@trustpay|Mobile Recharge"
"SYNTHETIC TEST DATA - NOT A REAL PERSON, ACCOUNT, OR PIN","C575","Pooja Sample 575","+91 98474 00575","Apex Global Bank","XXXX-XXXX-4874","poojasample575@trustpay","https://api.dicebear.com/9.x/initials/svg?seed=trustpay-c575","INR 4,56,638.00","082002","61-75","Basic","INR 17,102.00","08:00-21:00","anand@apexbank|Anand (Son);tneb@trustpay|TNEB Electricity;nilgiris@trustpay|Nilgiris Supermarket"
"SYNTHETIC TEST DATA - NOT A REAL PERSON, ACCOUNT, OR PIN","C576","Ramaswamy Mock 576","+91 98475 00576","Apex Global Bank","XXXX-XXXX-4875","ramaswamymock576@trustpay","https://api.dicebear.com/9.x/initials/svg?seed=trustpay-c576","INR 4,57,575.00","8075","18-30","Advanced","INR 17,175.00","07:00-22:00","family@trustpay|Family Contact;utility@trustpay|Utility Payment;grocers@trustpay|Demo Grocers"
"SYNTHETIC TEST DATA - NOT A REAL PERSON, ACCOUNT, OR PIN","C577","Aarav Training 577","+91 98476 00577","Apex Global Bank","XXXX-XXXX-4876","aaravtraining577@trustpay","https://api.dicebear.com/9.x/initials/svg?seed=trustpay-c577","INR 4,58,512.00","082348","31-45","Moderate","INR 17,248.00","09:00-19:00","clinic@trustpay|City Care Clinic;rent@trustpay|Rental Account;mobile@trustpay|Mobile Recharge"
"SYNTHETIC TEST DATA - NOT A REAL PERSON, ACCOUNT, OR PIN","C578","Diya Demo 578","+91 98477 00578","Apex Global Bank","XXXX-XXXX-4877","diyademo578@trustpay","https://api.dicebear.com/9.x/initials/svg?seed=trustpay-c578","INR 4,59,449.00","8109","46-60","Basic","INR 17,321.00","08:00-21:00","anand@apexbank|Anand (Son);tneb@trustpay|TNEB Electricity;nilgiris@trustpay|Nilgiris Supermarket"
"SYNTHETIC TEST DATA - NOT A REAL PERSON, ACCOUNT, OR PIN","C579","Kabir Example 579","+91 98478 00579","Apex Global Bank","XXXX-XXXX-4878","kabirexample579@trustpay","https://api.dicebear.com/9.x/initials/svg?seed=trustpay-c579","INR 4,60,386.00","082694","61-75","Advanced","INR 17,394.00","07:00-22:00","family@trustpay|Family Contact;utility@trustpay|Utility Payment;grocers@trustpay|Demo Grocers"
"SYNTHETIC TEST DATA - NOT A REAL PERSON, ACCOUNT, OR PIN","C580","Meera Sandbox 580","+91 98479 00580","Apex Global Bank","XXXX-XXXX-4879","meerasandbox580@trustpay","https://api.dicebear.com/9.x/initials/svg?seed=trustpay-c580","INR 4,61,323.00","8143","18-30","Moderate","INR 17,467.00","09:00-19:00","clinic@trustpay|City Care Clinic;rent@trustpay|Rental Account;mobile@trustpay|Mobile Recharge"
"SYNTHETIC TEST DATA - NOT A REAL PERSON, ACCOUNT, OR PIN","C581","Arjun Iyer 581","+91 98480 00581","Apex Global Bank","XXXX-XXXX-4880","arjuniyer581@trustpay","https://api.dicebear.com/9.x/initials/svg?seed=trustpay-c581","INR 4,62,260.00","083040","31-45","Basic","INR 17,540.00","08:00-21:00","anand@apexbank|Anand (Son);tneb@trustpay|TNEB Electricity;nilgiris@trustpay|Nilgiris Supermarket"
"SYNTHETIC TEST DATA - NOT A REAL PERSON, ACCOUNT, OR PIN","C582","Anaya Test 582","+91 98481 00582","Apex Global Bank","XXXX-XXXX-4881","anayatest582@trustpay","https://api.dicebear.com/9.x/initials/svg?seed=trustpay-c582","INR 4,63,197.00","8177","46-60","Advanced","INR 17,613.00","07:00-22:00","family@trustpay|Family Contact;utility@trustpay|Utility Payment;grocers@trustpay|Demo Grocers"
"SYNTHETIC TEST DATA - NOT A REAL PERSON, ACCOUNT, OR PIN","C583","Vihaan Prototype 583","+91 98482 00583","Apex Global Bank","XXXX-XXXX-4882","vihaanprototype583@trustpay","https://api.dicebear.com/9.x/initials/svg?seed=trustpay-c583","INR 4,64,134.00","083386","61-75","Moderate","INR 17,686.00","09:00-19:00","clinic@trustpay|City Care Clinic;rent@trustpay|Rental Account;mobile@trustpay|Mobile Recharge"
"SYNTHETIC TEST DATA - NOT A REAL PERSON, ACCOUNT, OR PIN","C584","Isha Fictional 584","+91 98483 00584","Apex Global Bank","XXXX-XXXX-4883","ishafictional584@trustpay","https://api.dicebear.com/9.x/initials/svg?seed=trustpay-c584","INR 4,65,071.00","8211","18-30","Basic","INR 17,759.00","08:00-21:00","anand@apexbank|Anand (Son);tneb@trustpay|TNEB Electricity;nilgiris@trustpay|Nilgiris Supermarket"
"SYNTHETIC TEST DATA - NOT A REAL PERSON, ACCOUNT, OR PIN","C585","Rohan Sample 585","+91 98484 00585","Apex Global Bank","XXXX-XXXX-4884","rohansample585@trustpay","https://api.dicebear.com/9.x/initials/svg?seed=trustpay-c585","INR 4,66,008.00","083732","31-45","Advanced","INR 17,832.00","07:00-22:00","family@trustpay|Family Contact;utility@trustpay|Utility Payment;grocers@trustpay|Demo Grocers"
"SYNTHETIC TEST DATA - NOT A REAL PERSON, ACCOUNT, OR PIN","C586","Kavya Mock 586","+91 98485 00586","Apex Global Bank","XXXX-XXXX-4885","kavyamock586@trustpay","https://api.dicebear.com/9.x/initials/svg?seed=trustpay-c586","INR 4,66,945.00","8245","46-60","Moderate","INR 17,905.00","09:00-19:00","clinic@trustpay|City Care Clinic;rent@trustpay|Rental Account;mobile@trustpay|Mobile Recharge"
"SYNTHETIC TEST DATA - NOT A REAL PERSON, ACCOUNT, OR PIN","C587","Dev Training 587","+91 98486 00587","Apex Global Bank","XXXX-XXXX-4886","devtraining587@trustpay","https://api.dicebear.com/9.x/initials/svg?seed=trustpay-c587","INR 4,67,882.00","084078","61-75","Basic","INR 17,978.00","08:00-21:00","anand@apexbank|Anand (Son);tneb@trustpay|TNEB Electricity;nilgiris@trustpay|Nilgiris Supermarket"
"SYNTHETIC TEST DATA - NOT A REAL PERSON, ACCOUNT, OR PIN","C588","Tara Demo 588","+91 98487 00588","Apex Global Bank","XXXX-XXXX-4887","tarademo588@trustpay","https://api.dicebear.com/9.x/initials/svg?seed=trustpay-c588","INR 4,68,819.00","8279","18-30","Advanced","INR 18,051.00","07:00-22:00","family@trustpay|Family Contact;utility@trustpay|Utility Payment;grocers@trustpay|Demo Grocers"
"SYNTHETIC TEST DATA - NOT A REAL PERSON, ACCOUNT, OR PIN","C589","Ishaan Example 589","+91 98488 00589","Apex Global Bank","XXXX-XXXX-4888","ishaanexample589@trustpay","https://api.dicebear.com/9.x/initials/svg?seed=trustpay-c589","INR 4,69,756.00","084424","31-45","Moderate","INR 18,124.00","09:00-19:00","clinic@trustpay|City Care Clinic;rent@trustpay|Rental Account;mobile@trustpay|Mobile Recharge"
"SYNTHETIC TEST DATA - NOT A REAL PERSON, ACCOUNT, OR PIN","C590","Naina Sandbox 590","+91 98489 00590","Apex Global Bank","XXXX-XXXX-4889","nainasandbox590@trustpay","https://api.dicebear.com/9.x/initials/svg?seed=trustpay-c590","INR 4,70,693.00","8313","46-60","Basic","INR 18,197.00","08:00-21:00","anand@apexbank|Anand (Son);tneb@trustpay|TNEB Electricity;nilgiris@trustpay|Nilgiris Supermarket"
"SYNTHETIC TEST DATA - NOT A REAL PERSON, ACCOUNT, OR PIN","C591","Reyansh Iyer 591","+91 98490 00591","Apex Global Bank","XXXX-XXXX-4890","reyanshiyer591@trustpay","https://api.dicebear.com/9.x/initials/svg?seed=trustpay-c591","INR 4,71,630.00","084770","61-75","Advanced","INR 18,270.00","07:00-22:00","family@trustpay|Family Contact;utility@trustpay|Utility Payment;grocers@trustpay|Demo Grocers"
"SYNTHETIC TEST DATA - NOT A REAL PERSON, ACCOUNT, OR PIN","C592","Aditi Test 592","+91 98491 00592","Apex Global Bank","XXXX-XXXX-4891","adititest592@trustpay","https://api.dicebear.com/9.x/initials/svg?seed=trustpay-c592","INR 4,72,567.00","8347","18-30","Moderate","INR 18,343.00","09:00-19:00","clinic@trustpay|City Care Clinic;rent@trustpay|Rental Account;mobile@trustpay|Mobile Recharge"
"SYNTHETIC TEST DATA - NOT A REAL PERSON, ACCOUNT, OR PIN","C593","Neil Prototype 593","+91 98492 00593","Apex Global Bank","XXXX-XXXX-4892","neilprototype593@trustpay","https://api.dicebear.com/9.x/initials/svg?seed=trustpay-c593","INR 4,73,504.00","085116","31-45","Basic","INR 18,416.00","08:00-21:00","anand@apexbank|Anand (Son);tneb@trustpay|TNEB Electricity;nilgiris@trustpay|Nilgiris Supermarket"
"SYNTHETIC TEST DATA - NOT A REAL PERSON, ACCOUNT, OR PIN","C594","Mira Fictional 594","+91 98493 00594","Apex Global Bank","XXXX-XXXX-4893","mirafictional594@trustpay","https://api.dicebear.com/9.x/initials/svg?seed=trustpay-c594","INR 4,74,441.00","8381","46-60","Advanced","INR 18,489.00","07:00-22:00","family@trustpay|Family Contact;utility@trustpay|Utility Payment;grocers@trustpay|Demo Grocers"
"SYNTHETIC TEST DATA - NOT A REAL PERSON, ACCOUNT, OR PIN","C595","Yash Sample 595","+91 98494 00595","Apex Global Bank","XXXX-XXXX-4894","yashsample595@trustpay","https://api.dicebear.com/9.x/initials/svg?seed=trustpay-c595","INR 4,75,378.00","085462","61-75","Moderate","INR 562.00","09:00-19:00","clinic@trustpay|City Care Clinic;rent@trustpay|Rental Account;mobile@trustpay|Mobile Recharge"
"SYNTHETIC TEST DATA - NOT A REAL PERSON, ACCOUNT, OR PIN","C596","Saanvi Mock 596","+91 98495 00596","Apex Global Bank","XXXX-XXXX-4895","saanvimock596@trustpay","https://api.dicebear.com/9.x/initials/svg?seed=trustpay-c596","INR 4,76,315.00","8415","18-30","Basic","INR 635.00","08:00-21:00","anand@apexbank|Anand (Son);tneb@trustpay|TNEB Electricity;nilgiris@trustpay|Nilgiris Supermarket"
"SYNTHETIC TEST DATA - NOT A REAL PERSON, ACCOUNT, OR PIN","C597","Advik Training 597","+91 98496 00597","Apex Global Bank","XXXX-XXXX-4896","adviktraining597@trustpay","https://api.dicebear.com/9.x/initials/svg?seed=trustpay-c597","INR 4,77,252.00","085808","31-45","Advanced","INR 708.00","07:00-22:00","family@trustpay|Family Contact;utility@trustpay|Utility Payment;grocers@trustpay|Demo Grocers"
"SYNTHETIC TEST DATA - NOT A REAL PERSON, ACCOUNT, OR PIN","C598","Riya Demo 598","+91 98497 00598","Apex Global Bank","XXXX-XXXX-4897","riyademo598@trustpay","https://api.dicebear.com/9.x/initials/svg?seed=trustpay-c598","INR 4,78,189.00","8449","46-60","Moderate","INR 781.00","09:00-19:00","clinic@trustpay|City Care Clinic;rent@trustpay|Rental Account;mobile@trustpay|Mobile Recharge"
"SYNTHETIC TEST DATA - NOT A REAL PERSON, ACCOUNT, OR PIN","C599","Karan Example 599","+91 98498 00599","Apex Global Bank","XXXX-XXXX-4898","karanexample599@trustpay","https://api.dicebear.com/9.x/initials/svg?seed=trustpay-c599","INR 4,79,126.00","086154","61-75","Basic","INR 854.00","08:00-21:00","anand@apexbank|Anand (Son);tneb@trustpay|TNEB Electricity;nilgiris@trustpay|Nilgiris Supermarket"
"SYNTHETIC TEST DATA - NOT A REAL PERSON, ACCOUNT, OR PIN","C600","Pooja Sandbox 600","+91 98499 00600","Apex Global Bank","XXXX-XXXX-4899","poojasandbox600@trustpay","https://api.dicebear.com/9.x/initials/svg?seed=trustpay-c600","INR 12,562.00","8483","18-30","Advanced","INR 927.00","07:00-22:00","family@trustpay|Family Contact;utility@trustpay|Utility Payment;grocers@trustpay|Demo Grocers"
